location_name,time_id,year,month,tourism_revenue_crore_inr,foreign_tourist_arrivals,temp_c,rainfall_mm,humidity_pct
Agartala,244,2020,April,71,2820,26.52,185.1,76.13333333
Agartala,246,2020,June,208,8590,27.59666667,398,87.7
Agartala,231,2019,March,16214,978236,24.10645161,56.4,69.29032258
Agartala,235,2019,July,18205,818125,27.79677419,288.3,86
Agartala,253,2021,January,4700,94662,18.21612903,1.8,73.90322581
Agartala,242,2020,February,18241,1018440,19.49310345,4.1,68.86206897
Agartala,254,2021,February,5477,110312,20.56785714,0.8,67.75
Agartala,261,2021,September,6549,115661,27.96666667,220.5,85.1
Agartala,264,2021,December,8452,317647,19.1,120.5,79.38709677
Agartala,256,2021,April,6891,78718,28.73,37.2,65.1
Agartala,229,2019,January,18205,1111040,17.90967742,0.2,70.96774194
Agartala,233,2019,May,13642,615136,28.94193548,142.1,78.90322581
Agartala,252,2020,December,1776,90544,18.47096774,0,78.4516129
Agartala,262,2021,October,5094,191415,27.17419355,190.1,83.12903226
Agartala,258,2021,June,3157,36070,27.26,337.5,87.5
Agartala,263,2021,November,7022,263867,22.49666667,22.4,73.56666667
Agartala,241,2020,January,20200,1119250,17.33548387,24.9,80.58064516
Agartala,259,2021,July,4105,72501,27.66774194,251.8,86.87096774
Agartala,238,2019,October,17057,945017,25.9516129,155.1,86.06451613
Agartala,230,2019,February,17959,1090516,20.52857143,57.2,68.46428571
Agartala,243,2020,March,5830,328304,24.52903226,14,60.96774194
Agartala,260,2021,August,5251,92728,27.41935484,233.3,88.19354839
Agartala,234,2019,June,16083,726446,28.41,223.1,84.63333333
Agartala,239,2019,November,19840,1092440,22.86333333,63.6,82.16666667
Agartala,247,2020,July,307,12655,27.65806452,275.4,88.25806452
Agartala,240,2019,December,22631,1226398,18.29032258,5.6,78.67741935
Agartala,236,2019,August,17867,800837,28.16451613,165.4,85.06451613
Agartala,245,2020,May,94,3764,27.52258065,193.3,81.38709677
Agartala,232,2019,April,17134,774651,26.62666667,116.9,77.53333333
Agartala,250,2020,October,831,41494,27.50322581,211,86.03225806
Agartala,249,2020,September,686,28167,27.9,246,87
Agartala,237,2019,September,16824,751513,27.57666667,209.3,85.86666667
Agartala,257,2021,May,1730,19765,28.58064516,147.5,76.38709677
Agartala,255,2021,March,6642,133768,26.32580645,17.7,62.32258065
Agartala,251,2020,November,1413,70977,22.63333333,18.1,80.13333333
Agartala,248,2020,August,479,19761,28,224.4,85.48387097
Aizawl,260,2021,August,5251,92728,20.96451613,189.8,90.77419355
Aizawl,259,2021,July,4105,72501,21.4483871,418.5,89.64516129
Aizawl,229,2019,January,18205,1111040,11.26774194,0.9,71.03225806
Aizawl,262,2021,October,5094,191415,20.67741935,113.6,85.67741935
Aizawl,234,2019,June,16083,726446,21.91,263.2,86.5
Aizawl,237,2019,September,16824,751513,20.82666667,238,91.66666667
Aizawl,258,2021,June,3157,36070,21.31666667,281.3,87.46666667
Aizawl,239,2019,November,19840,1092440,16.70666667,45.5,80.63333333
Aizawl,250,2020,October,831,41494,20.90322581,194,89.87096774
Aizawl,243,2020,March,5830,328304,17.41935484,5.4,62.25806452
Aizawl,254,2021,February,5477,110312,13.98214286,0.6,62.89285714
Aizawl,246,2020,June,208,8590,21.45,222.2,87.13333333
Aizawl,245,2020,May,94,3764,21.13548387,137.8,77.12903226
Aizawl,263,2021,November,7022,263867,16.89,49.7,77.26666667
Aizawl,238,2019,October,17057,945017,19.48064516,102.5,89.03225806
Aizawl,236,2019,August,17867,800837,21.59677419,301.8,90.64516129
Aizawl,256,2021,April,6891,78718,21.69666667,28,58.46666667
Aizawl,231,2019,March,16214,978236,16.10322581,35.6,72.03225806
Aizawl,241,2020,January,20200,1119250,11.30967742,48,79.4516129
Aizawl,240,2019,December,22631,1226398,12.14193548,8.2,74.51612903
Aizawl,255,2021,March,6642,133768,19.22258065,9.2,54.06451613
Aizawl,249,2020,September,686,28167,21.27666667,180,89.9
Aizawl,261,2021,September,6549,115661,21.44,162.4,89.8
Aizawl,264,2021,December,8452,317647,13.11290323,55.9,78.61290323
Aizawl,235,2019,July,18205,818125,21.28709677,320.7,88.96774194
Aizawl,242,2020,February,18241,1018440,12.86896552,7.8,68.17241379
Aizawl,248,2020,August,479,19761,21.56451613,206.5,89.25806452
Aizawl,233,2019,May,13642,615136,22.37096774,70.4,76.90322581
Aizawl,244,2020,April,71,2820,19.89333333,84.1,67.9
Aizawl,251,2020,November,1413,70977,16.76,20.9,78.13333333
Aizawl,253,2021,January,4700,94662,12.5,1.3,66.80645161
Aizawl,247,2020,July,307,12655,21.27419355,182.1,89.22580645
Aizawl,230,2019,February,17959,1090516,13.67142857,53.8,69
Aizawl,252,2020,December,1776,90544,12.67419355,0,67.22580645
Aizawl,232,2019,April,17134,774651,20.12666667,27.8,73.3
Aizawl,257,2021,May,1730,19765,21.91935484,89.1,76.74193548
Amaravati,248,2020,August,479,19761,28.07741935,245,80.90322581
Amaravati,256,2021,April,6891,78718,31.39666667,13.6,63.26666667
Amaravati,243,2020,March,5830,328304,29.04193548,7.8,63.61290323
Amaravati,234,2019,June,16083,726446,33.64,57.2,57.06666667
Amaravati,251,2020,November,1413,70977,25.63,128.3,79.63333333
Amaravati,238,2019,October,17057,945017,26.79354839,301.9,87.61290323
Amaravati,261,2021,September,6549,115661,28.25,183.2,79.06666667
Amaravati,255,2021,March,6642,133768,29.10645161,0.1,62.67741935
Amaravati,240,2019,December,22631,1226398,25.25806452,6.5,71.74193548
Amaravati,230,2019,February,17959,1090516,27.37142857,5.1,64.07142857
Amaravati,239,2019,November,19840,1092440,26.85,12.4,76
Amaravati,236,2019,August,17867,800837,28.97419355,163.6,75.03225806
Amaravati,260,2021,August,5251,92728,29.10645161,158.3,74.90322581
Amaravati,264,2021,December,8452,317647,24.28064516,6.7,71.93548387
Amaravati,257,2021,May,1730,19765,32.48064516,53.7,59.29032258
Amaravati,233,2019,May,13642,615136,34.5,10.6,55.25806452
Amaravati,249,2020,September,686,28167,28.01666667,397.4,83.93333333
Amaravati,259,2021,July,4105,72501,28.77419355,311.2,76.12903226
Amaravati,232,2019,April,17134,774651,31.92,4.7,61.23333333
Amaravati,246,2020,June,208,8590,30.77333333,137.5,68.96666667
Amaravati,245,2020,May,94,3764,33.42580645,15,58.4516129
Amaravati,252,2020,December,1776,90544,23.79032258,0.3,76.64516129
Amaravati,262,2021,October,5094,191415,27.96774194,118.9,79.58064516
Amaravati,237,2019,September,16824,751513,28.09333333,228.4,80.6
Amaravati,258,2021,June,3157,36070,31.32666667,68.5,61.16666667
Amaravati,254,2021,February,5477,110312,25.675,0.7,65.32142857
Amaravati,241,2020,January,20200,1119250,25.22258065,39.9,74.93548387
Amaravati,250,2020,October,831,41494,27.29677419,311.6,83.35483871
Amaravati,263,2021,November,7022,263867,25.53666667,178.9,84.83333333
Amaravati,247,2020,July,307,12655,28.60645161,302.4,81.90322581
Amaravati,229,2019,January,18205,1111040,23.94516129,36.8,67.64516129
Amaravati,235,2019,July,18205,818125,30.42580645,154.7,67.5483871
Amaravati,231,2019,March,16214,978236,29.90967742,4.6,63.29032258
Amaravati,242,2020,February,18241,1018440,26.70344828,7.4,66.75862069
Amaravati,253,2021,January,4700,94662,25.00967742,1.5,73.70967742
Amaravati,244,2020,April,71,2820,31.31,14.6,63.2
Bengaluru,232,2019,April,17134,774651,27.81666667,25.4,47.3
Bengaluru,258,2021,June,3157,36070,23.63666667,113.8,75.76666667
Bengaluru,246,2020,June,208,8590,23.86333333,177.1,78.5
Bengaluru,236,2019,August,17867,800837,22.52903226,178.6,82.90322581
Bengaluru,240,2019,December,22631,1226398,21.16451613,36.7,76.96774194
Bengaluru,238,2019,October,17057,945017,22.3516129,218.4,84.87096774
Bengaluru,249,2020,September,686,28167,22.09333333,286.4,86.93333333
Bengaluru,237,2019,September,16824,751513,22.82333333,182.3,82.43333333
Bengaluru,261,2021,September,6549,115661,22.78333333,117,80.83333333
Bengaluru,257,2021,May,1730,19765,25.09032258,109,71.96774194
Bengaluru,235,2019,July,18205,818125,23.45806452,107.1,77.5483871
Bengaluru,262,2021,October,5094,191415,22.34516129,296.5,85.12903226
Bengaluru,239,2019,November,19840,1092440,22.36666667,37,77.66666667
Bengaluru,254,2021,February,5477,110312,21.62857143,17.2,58.14285714
Bengaluru,245,2020,May,94,3764,27.50967742,35.2,59.38709677
Bengaluru,247,2020,July,307,12655,22.64193548,343,85.77419355
Bengaluru,259,2021,July,4105,72501,22.59032258,180.8,82.58064516
Bengaluru,229,2019,January,18205,1111040,20.62258065,32.4,58.38709677
Bengaluru,233,2019,May,13642,615136,27.01612903,48.7,62.83870968
Bengaluru,260,2021,August,5251,92728,22.71935484,185.6,81.5483871
Bengaluru,231,2019,March,16214,978236,26.76129032,1.2,44.25806452
Bengaluru,230,2019,February,17959,1090516,23.75714286,6.9,54.67857143
Bengaluru,263,2021,November,7022,263867,21.06666667,296.3,87.66666667
Bengaluru,243,2020,March,5830,328304,25.60967742,12,54.51612903
Bengaluru,264,2021,December,8452,317647,20.51290323,21.1,76.96774194
Bengaluru,255,2021,March,6642,133768,25.37096774,0,43.06451613
Bengaluru,242,2020,February,18241,1018440,23.28275862,0.7,57.17241379
Bengaluru,234,2019,June,16083,726446,24.70333333,92.3,75.6
Bengaluru,244,2020,April,71,2820,26.98666667,28,52.83333333
Bengaluru,252,2020,December,1776,90544,20.14516129,52.5,77.87096774
Bengaluru,250,2020,October,831,41494,22.10645161,130.1,81.80645161
Bengaluru,253,2021,January,4700,94662,21.02903226,27.1,72.96774194
Bengaluru,256,2021,April,6891,78718,26.24,76.5,57.13333333
Bengaluru,248,2020,August,479,19761,22.56129032,110.8,82.29032258
Bengaluru,251,2020,November,1413,70977,21.57,89.4,78.46666667
Bengaluru,241,2020,January,20200,1119250,22.37741935,3.4,64.74193548
Bhopal,236,2019,August,17867,800837,25.27741935,582.3,89.03225806
Bhopal,250,2020,October,831,41494,26.37419355,11.3,57.67741935
Bhopal,242,2020,February,18241,1018440,19.5,1.5,54.37931034
Bhopal,248,2020,August,479,19761,25.5516129,809.9,87.87096774
Bhopal,253,2021,January,4700,94662,18.1,9.1,66.58064516
Bhopal,257,2021,May,1730,19765,31.60645161,16.3,38.16129032
Bhopal,255,2021,March,6642,133768,26.54193548,3.3,33.83870968
Bhopal,249,2020,September,686,28167,26.58,236.9,83.7
Bhopal,245,2020,May,94,3764,33.9516129,0,27.12903226
Bhopal,263,2021,November,7022,263867,21.48666667,0,56.36666667
Bhopal,251,2020,November,1413,70977,21.54333333,1.5,53.96666667
Bhopal,247,2020,July,307,12655,27.29354839,203.5,81.58064516
Bhopal,234,2019,June,16083,726446,33.41333333,81.6,47.06666667
Bhopal,231,2019,March,16214,978236,25.0483871,0.4,36.09677419
Bhopal,254,2021,February,5477,110312,20.925,0.5,45.28571429
Bhopal,260,2021,August,5251,92728,25.3516129,532.5,85.77419355
Bhopal,238,2019,October,17057,945017,24.02903226,48.7,77.22580645
Bhopal,264,2021,December,8452,317647,17.87419355,5.6,62.67741935
Bhopal,243,2020,March,5830,328304,23.75806452,24.1,48.25806452
Bhopal,235,2019,July,18205,818125,26.84193548,664.7,81.35483871
Bhopal,258,2021,June,3157,36070,28.75,187.4,68.43333333
Bhopal,233,2019,May,13642,615136,34.27096774,0,24.29032258
Bhopal,252,2020,December,1776,90544,18.21612903,35.3,63.70967742
Bhopal,230,2019,February,17959,1090516,20.55357143,1.8,48.85714286
Bhopal,240,2019,December,22631,1226398,17.34193548,16.4,71.83870968
Bhopal,237,2019,September,16824,751513,25.12666667,546.6,90.63333333
Bhopal,232,2019,April,17134,774651,31.85333333,11.5,23.73333333
Bhopal,244,2020,April,71,2820,30.29,0.9,29.36666667
Bhopal,239,2019,November,19840,1092440,22.73333333,18,66.86666667
Bhopal,256,2021,April,6891,78718,30.69333333,0.3,20.46666667
Bhopal,261,2021,September,6549,115661,25.36666667,330.2,88.06666667
Bhopal,241,2020,January,20200,1119250,16.1516129,17,71.09677419
Bhopal,229,2019,January,18205,1111040,16.49354839,2.4,55.12903226
Bhopal,259,2021,July,4105,72501,27.06774194,416.6,79.12903226
Bhopal,262,2021,October,5094,191415,24.43870968,75.6,70.93548387
Bhopal,246,2020,June,208,8590,28.58,187.9,70.73333333
Bhubaneswar,235,2019,July,18205,818125,28.49032258,353.6,84.64516129
Bhubaneswar,234,2019,June,16083,726446,30.82333333,103.6,76.2
Bhubaneswar,252,2020,December,1776,90544,21.55483871,0.2,73.22580645
Bhubaneswar,230,2019,February,17959,1090516,24.41785714,9.3,64.5
Bhubaneswar,246,2020,June,208,8590,29.17666667,186.7,83.13333333
Bhubaneswar,244,2020,April,71,2820,29.38,98.5,73.76666667
Bhubaneswar,263,2021,November,7022,263867,24.30333333,67.7,79.9
Bhubaneswar,241,2020,January,20200,1119250,20.82903226,40.6,78.09677419
Bhubaneswar,248,2020,August,479,19761,28.10645161,794.5,86.93548387
Bhubaneswar,243,2020,March,5830,328304,26.90322581,31,74.09677419
Bhubaneswar,258,2021,June,3157,36070,29.20666667,178.4,81.7
Bhubaneswar,261,2021,September,6549,115661,27.25,512.4,88.73333333
Bhubaneswar,255,2021,March,6642,133768,29.07096774,0.8,63.70967742
Bhubaneswar,239,2019,November,19840,1092440,24.45,9.7,80.73333333
Bhubaneswar,259,2021,July,4105,72501,28.38387097,360,84.25806452
Bhubaneswar,247,2020,July,307,12655,28.69032258,247.1,84.87096774
Bhubaneswar,232,2019,April,17134,774651,30.13333333,12.9,71
Bhubaneswar,231,2019,March,16214,978236,27.80645161,22.3,71.22580645
Bhubaneswar,250,2020,October,831,41494,26.80967742,250.8,85.4516129
Bhubaneswar,242,2020,February,18241,1018440,21.85517241,64.5,74.79310345
Bhubaneswar,238,2019,October,17057,945017,26.48387097,247.5,87.77419355
Bhubaneswar,245,2020,May,94,3764,29.64516129,125.7,77.77419355
Bhubaneswar,237,2019,September,16824,751513,27.23,327.5,89.53333333
Bhubaneswar,264,2021,December,8452,317647,20.53548387,192.2,78.41935484
Bhubaneswar,249,2020,September,686,28167,28.39666667,224.9,86.16666667
Bhubaneswar,262,2021,October,5094,191415,27.02258065,177.8,83.58064516
Bhubaneswar,253,2021,January,4700,94662,22.57419355,1.5,73.22580645
Bhubaneswar,233,2019,May,13642,615136,30.52258065,184.8,77.32258065
Bhubaneswar,251,2020,November,1413,70977,24.54666667,9.3,73.43333333
Bhubaneswar,257,2021,May,1730,19765,30.07741935,127.2,75.16129032
Bhubaneswar,254,2021,February,5477,110312,24.02142857,0.3,61.39285714
Bhubaneswar,260,2021,August,5251,92728,28.42258065,234.1,84.77419355
Bhubaneswar,256,2021,April,6891,78718,30.24,4.5,69.73333333
Bhubaneswar,236,2019,August,17867,800837,27.85806452,449.4,87.96774194
Bhubaneswar,240,2019,December,22631,1226398,21.2516129,12,77.64516129
Bhubaneswar,229,2019,January,18205,1111040,20.33225806,0.2,67.16129032
Chandigarh,248,2020,August,479,19761,28.39354839,158.2,80.48387097
Chandigarh,234,2019,June,16083,726446,33.07666667,3.8,37.26666667
Chandigarh,262,2021,October,5094,191415,24.43870968,64.5,63.61290323
Chandigarh,242,2020,February,18241,1018440,15.3,19.4,69.93103448
Chandigarh,258,2021,June,3157,36070,30.36,43.1,57
Chandigarh,251,2020,November,1413,70977,18.59,19.3,54.73333333
Chandigarh,241,2020,January,20200,1119250,11.74516129,99,77.77419355
Chandigarh,250,2020,October,831,41494,25.43225806,0,43.48387097
Chandigarh,249,2020,September,686,28167,28.69333333,16.2,66.96666667
Chandigarh,240,2019,December,22631,1226398,12.01612903,45.6,79.19354839
Chandigarh,243,2020,March,5830,328304,18.6483871,118.3,65.12903226
Chandigarh,232,2019,April,17134,774651,26.93333333,32.2,42.56666667
Chandigarh,263,2021,November,7022,263867,18.41,0,56.36666667
Chandigarh,256,2021,April,6891,78718,25.96666667,45.4,33.23333333
Chandigarh,246,2020,June,208,8590,31.05666667,13.3,55.16666667
Chandigarh,239,2019,November,19840,1092440,18.91333333,29.9,67.16666667
Chandigarh,244,2020,April,71,2820,25.35666667,14.4,44.2
Chandigarh,230,2019,February,17959,1090516,14.075,184.4,73.5
Chandigarh,257,2021,May,1730,19765,28.66451613,25.5,45
Chandigarh,245,2020,May,94,3764,29.68709677,16.9,39.77419355
Chandigarh,238,2019,October,17057,945017,23.11612903,3.8,71.19354839
Chandigarh,235,2019,July,18205,818125,28.79032258,350,77.03225806
Chandigarh,231,2019,March,16214,978236,18.48064516,17.4,61.5483871
Chandigarh,261,2021,September,6549,115661,27.65666667,48.8,75.73333333
Chandigarh,252,2020,December,1776,90544,13.77419355,15.9,68.87096774
Chandigarh,260,2021,August,5251,92728,28.17096774,91.1,79.87096774
Chandigarh,253,2021,January,4700,94662,12.68709677,19.4,78.51612903
Chandigarh,259,2021,July,4105,72501,29.70645161,320.6,71.5483871
Chandigarh,264,2021,December,8452,317647,13.43870968,2.6,67.48387097
Chandigarh,233,2019,May,13642,615136,30.65483871,0.7,30.16129032
Chandigarh,237,2019,September,16824,751513,27.00666667,107.6,81.53333333
Chandigarh,254,2021,February,5477,110312,16.95,8.7,63.25
Chandigarh,247,2020,July,307,12655,29.20967742,119,74.48387097
Chandigarh,229,2019,January,18205,1111040,12.29032258,78.9,68.51612903
Chandigarh,255,2021,March,6642,133768,22.74193548,1,42.58064516
Chandigarh,236,2019,August,17867,800837,28.01935484,253.1,83.25806452
Chennai,262,2021,October,5094,191415,27.69354839,233.5,83.41935484
Chennai,242,2020,February,18241,1018440,26.27586207,5.1,71
Chennai,248,2020,August,479,19761,28.67419355,95.8,77.74193548
Chennai,259,2021,July,4105,72501,29.39677419,153.9,71.16129032
Chennai,247,2020,July,307,12655,28.62580645,181.9,80
Chennai,260,2021,August,5251,92728,29.12580645,156.9,74.03225806
Chennai,263,2021,November,7022,263867,25.59,782.1,87.86666667
Chennai,264,2021,December,8452,317647,25.27419355,70.1,77.32258065
Chennai,241,2020,January,20200,1119250,25.27419355,37.6,77.58064516
Chennai,256,2021,April,6891,78718,29.28666667,10.1,76.9
Chennai,261,2021,September,6549,115661,28.66666667,136,78.5
Chennai,235,2019,July,18205,818125,29.76129032,65.6,71.61290323
Chennai,234,2019,June,16083,726446,31.52,51.8,66.16666667
Chennai,251,2020,November,1413,70977,26.30666667,300.9,83.4
Chennai,244,2020,April,71,2820,29.29666667,11.2,75.63333333
Chennai,240,2019,December,22631,1226398,25.85483871,103.1,76.09677419
Chennai,253,2021,January,4700,94662,25.25483871,78.5,80.35483871
Chennai,257,2021,May,1730,19765,30.5483871,49.2,70.70967742
Chennai,239,2019,November,19840,1092440,26.69666667,145.8,83.2
Chennai,255,2021,March,6642,133768,26.76774194,0.6,78.38709677
Chennai,231,2019,March,16214,978236,27.91935484,4,75.25806452
Chennai,246,2020,June,208,8590,30.76666667,54.1,67.86666667
Chennai,250,2020,October,831,41494,27.81612903,228.8,79.70967742
Chennai,238,2019,October,17057,945017,27.18709677,228.6,84.48387097
Chennai,237,2019,September,16824,751513,28.08,189.8,81.13333333
Chennai,249,2020,September,686,28167,27.91666667,165.6,81.2
Chennai,245,2020,May,94,3764,30.96451613,4.8,73.03225806
Chennai,229,2019,January,18205,1111040,24.36129032,4.1,71.96774194
Chennai,233,2019,May,13642,615136,31.17096774,2.9,73.77419355
Chennai,243,2020,March,5830,328304,27.50967742,1.7,73.38709677
Chennai,252,2020,December,1776,90544,25.33225806,255.7,76.29032258
Chennai,258,2021,June,3157,36070,30.63666667,34.5,65.26666667
Chennai,236,2019,August,17867,800837,29.24193548,126.5,72
Chennai,254,2021,February,5477,110312,24.91071429,21.8,73.96428571
Chennai,230,2019,February,17959,1090516,26.20357143,6.9,76.07142857
Chennai,232,2019,April,17134,774651,29.70666667,3,75.53333333
Daman,255,2021,March,6642,133768,26.82580645,0,62.4516129
Daman,263,2021,November,7022,263867,26.87333333,9.2,65.03333333
Daman,235,2019,July,18205,818125,27.13548387,597,89.03225806
Daman,251,2020,November,1413,70977,26.30666667,0,61.83333333
Daman,241,2020,January,20200,1119250,21.53225806,0.8,70.90322581
Daman,259,2021,July,4105,72501,27.52903226,312.6,85.96774194
Daman,230,2019,February,17959,1090516,22.275,0.1,65.67857143
Daman,250,2020,October,831,41494,27.83548387,26.8,80.32258065
Daman,261,2021,September,6549,115661,26.53,672.4,88.86666667
Daman,253,2021,January,4700,94662,22.0516129,2.8,76.58064516
Daman,234,2019,June,16083,726446,29.00333333,156.8,80.5
Daman,257,2021,May,1730,19765,29.47096774,167.6,75.70967742
Daman,240,2019,December,22631,1226398,24.61935484,1.2,70.77419355
Daman,256,2021,April,6891,78718,28.63333333,0,73.93333333
Daman,246,2020,June,208,8590,28.23,152.7,84
Daman,245,2020,May,94,3764,30.03870968,1.3,75.09677419
Daman,231,2019,March,16214,978236,25.17419355,0.1,65.77419355
Daman,247,2020,July,307,12655,27.3483871,416.9,88.77419355
Daman,249,2020,September,686,28167,27.23666667,184,88.56666667
Daman,262,2021,October,5094,191415,27.10645161,26.7,78.87096774
Daman,260,2021,August,5251,92728,26.47096774,586.3,87.90322581
Daman,239,2019,November,19840,1092440,26.51333333,27.7,77.8
Daman,233,2019,May,13642,615136,29.05483871,1,75.64516129
Daman,238,2019,October,17057,945017,27.52903226,65.9,81.22580645
Daman,248,2020,August,479,19761,26.6516129,707.3,90.4516129
Daman,244,2020,April,71,2820,28.82666667,0,71.36666667
Daman,242,2020,February,18241,1018440,24.07241379,0,60.03448276
Daman,229,2019,January,18205,1111040,21,0.5,61.67741935
Daman,237,2019,September,16824,751513,26.78666667,492.5,89.43333333
Daman,258,2021,June,3157,36070,27.79333333,185,85.93333333
Daman,264,2021,December,8452,317647,22.59354839,73.7,78.67741935
Daman,254,2021,February,5477,110312,23.96785714,0,63.28571429
Daman,243,2020,March,5830,328304,25.33225806,2.7,67.74193548
Daman,232,2019,April,17134,774651,28.33,0,70.8
Daman,252,2020,December,1776,90544,23.27741935,47.7,71.83870968
Daman,236,2019,August,17867,800837,26.72258065,516.7,88.67741935
Dehradun,236,2019,August,17867,800837,26.08387097,324.3,86.09677419
Dehradun,230,2019,February,17959,1090516,13.11785714,128.6,71.96428571
Dehradun,235,2019,July,18205,818125,26.23225806,402.5,84.61290323
Dehradun,250,2020,October,831,41494,21.97419355,0,64.64516129
Dehradun,259,2021,July,4105,72501,26.72903226,223.6,81.35483871
Dehradun,264,2021,December,8452,317647,12.01290323,4.3,71.19354839
Dehradun,248,2020,August,479,19761,26.03548387,343.2,87.09677419
Dehradun,241,2020,January,20200,1119250,10.68387097,116.7,77.4516129
Dehradun,243,2020,March,5830,328304,16.76451613,106,69.48387097
Dehradun,261,2021,September,6549,115661,25.23,101.1,83.16666667
Dehradun,252,2020,December,1776,90544,12.82258065,8.2,69.29032258
Dehradun,240,2019,December,22631,1226398,11.74516129,28.4,74.5483871
Dehradun,246,2020,June,208,8590,27.12333333,56.5,70.83333333
Dehradun,249,2020,September,686,28167,25.73666667,40.1,80.2
Dehradun,263,2021,November,7022,263867,15.88333333,0,71.6
Dehradun,242,2020,February,18241,1018440,13.4,20.2,74.93103448
Dehradun,234,2019,June,16083,726446,29.75333333,7,47.76666667
Dehradun,251,2020,November,1413,70977,16.15666667,6,69.53333333
Dehradun,257,2021,May,1730,19765,24.69677419,92.9,62.03225806
Dehradun,255,2021,March,6642,133768,19.90322581,2.8,52.51612903
Dehradun,254,2021,February,5477,110312,15.49285714,5.5,65.92857143
Dehradun,239,2019,November,19840,1092440,17.74666667,7.4,67
Dehradun,262,2021,October,5094,191415,21.69354839,87.3,75.74193548
Dehradun,260,2021,August,5251,92728,25.72903226,242.2,86.77419355
Dehradun,253,2021,January,4700,94662,11.89677419,10.1,75.4516129
Dehradun,238,2019,October,17057,945017,21.41612903,6.4,76.06451613
Dehradun,229,2019,January,18205,1111040,11.51612903,50.8,67.22580645
Dehradun,247,2020,July,307,12655,26.11935484,396.1,85.09677419
Dehradun,233,2019,May,13642,615136,27.71935484,7,36.4516129
Dehradun,258,2021,June,3157,36070,26.56666667,187.4,72.6
Dehradun,231,2019,March,16214,978236,17.13225806,18.6,62.93548387
Dehradun,237,2019,September,16824,751513,24.71666667,176.2,86.5
Dehradun,244,2020,April,71,2820,22.20666667,35.1,55.33333333
Dehradun,232,2019,April,17134,774651,24.48,27.2,49.56666667
Dehradun,256,2021,April,6891,78718,22.94666667,18.1,40.16666667
Dehradun,245,2020,May,94,3764,25.53225806,44.6,54.58064516
Delhi,229,2019,January,18205,1111040,12.92258065,26.8,70.32258065
Delhi,230,2019,February,17959,1090516,15.06785714,48.8,75.28571429
Delhi,242,2020,February,18241,1018440,15.96206897,28.1,69.65517241
Delhi,250,2020,October,831,41494,25.94516129,0,48.48387097
Delhi,235,2019,July,18205,818125,30.61612903,184.9,71.5483871
Delhi,263,2021,November,7022,263867,19.54666667,0,61.26666667
Delhi,241,2020,January,20200,1119250,12.63225806,65.9,79.93548387
Delhi,243,2020,March,5830,328304,19.80645161,65.2,70.38709677
Delhi,256,2021,April,6891,78718,28.84,2.6,26.2
Delhi,245,2020,May,94,3764,31.09354839,34,42.41935484
Delhi,254,2021,February,5477,110312,18.08928571,11.1,68.42857143
Delhi,261,2021,September,6549,115661,27.52333333,147.1,84.36666667
Delhi,240,2019,December,22631,1226398,12.50322581,9.8,79.87096774
Delhi,259,2021,July,4105,72501,31.08064516,282.1,70.16129032
Delhi,255,2021,March,6642,133768,24.53870968,1.5,45.67741935
Delhi,258,2021,June,3157,36070,31.93,23.5,57.06666667
Delhi,239,2019,November,19840,1092440,20.96,25.4,66.7
Delhi,251,2020,November,1413,70977,19.12,13.1,55.16666667
Delhi,231,2019,March,16214,978236,20.3,13.6,57.29032258
Delhi,234,2019,June,16083,726446,34.64666667,10.7,40.33333333
Delhi,264,2021,December,8452,317647,14.4516129,15.5,70.51612903
Delhi,238,2019,October,17057,945017,25.8,14.8,61.74193548
Delhi,260,2021,August,5251,92728,29.21612903,125,77.48387097
Delhi,253,2021,January,4700,94662,13.06451613,26.7,78.96774194
Delhi,233,2019,May,13642,615136,32.13548387,3.5,31.4516129
Delhi,249,2020,September,686,28167,29.67666667,38.4,69.33333333
Delhi,237,2019,September,16824,751513,28.32333333,82.4,80.7
Delhi,262,2021,October,5094,191415,25.30645161,33.8,67.16129032
Delhi,244,2020,April,71,2820,26.95666667,5.5,46.53333333
Delhi,236,2019,August,17867,800837,28.85806452,199.1,83
Delhi,248,2020,August,479,19761,29.01935484,209,81.90322581
Delhi,252,2020,December,1776,90544,14.70645161,1.3,68.25806452
Delhi,247,2020,July,307,12655,30.79677419,113.9,72.12903226
Delhi,232,2019,April,17134,774651,29.11333333,5.5,39.96666667
Delhi,257,2021,May,1730,19765,29.71290323,147.3,48.48387097
Delhi,246,2020,June,208,8590,32.31,10.9,57.03333333
Gandhinagar,252,2020,December,1776,90544,20.99354839,1.7,54.09677419
Gandhinagar,248,2020,August,479,19761,27.43225806,851.8,87.48387097
Gandhinagar,242,2020,February,18241,1018440,22.7,0,39.06896552
Gandhinagar,241,2020,January,20200,1119250,18.45483871,0.5,58.38709677
Gandhinagar,250,2020,October,831,41494,28.23870968,12.2,56
Gandhinagar,263,2021,November,7022,263867,24.07666667,0.8,50.3
Gandhinagar,235,2019,July,18205,818125,30.49677419,149,69.22580645
Gandhinagar,253,2021,January,4700,94662,19.77096774,0,56.03225806
Gandhinagar,256,2021,April,6891,78718,32.42,0.1,26.5
Gandhinagar,240,2019,December,22631,1226398,20.30645161,0,60.41935484
Gandhinagar,251,2020,November,1413,70977,23.66333333,0,49.83333333
Gandhinagar,259,2021,July,4105,72501,29.67741935,268.8,73.09677419
Gandhinagar,261,2021,September,6549,115661,27.04666667,469.1,88.43333333
Gandhinagar,246,2020,June,208,8590,31.36333333,81.8,66.66666667
Gandhinagar,264,2021,December,8452,317647,20.00645161,8.1,61
Gandhinagar,239,2019,November,19840,1092440,25.27333333,19.5,67.53333333
Gandhinagar,234,2019,June,16083,726446,32.33666667,67.6,60.36666667
Gandhinagar,245,2020,May,94,3764,34.73225806,0,36.32258065
Gandhinagar,233,2019,May,13642,615136,32.89354839,0,41.96774194
Gandhinagar,257,2021,May,1730,19765,32.20967742,74.4,49.96774194
Gandhinagar,258,2021,June,3157,36070,31.09333333,127,65.63333333
Gandhinagar,231,2019,March,16214,978236,25.60322581,0.3,37.09677419
Gandhinagar,238,2019,October,17057,945017,26.76451613,43.9,71.25806452
Gandhinagar,247,2020,July,307,12655,29.5483871,167.8,76.93548387
Gandhinagar,255,2021,March,6642,133768,29.03548387,0,25.83870968
Gandhinagar,243,2020,March,5830,328304,25.92580645,4.3,38.06451613
Gandhinagar,237,2019,September,16824,751513,27.21,374.9,88.7
Gandhinagar,260,2021,August,5251,92728,28.5516129,66.6,73.67741935
Gandhinagar,230,2019,February,17959,1090516,20.675,0.2,48.42857143
Gandhinagar,254,2021,February,5477,110312,23.44285714,0,38.17857143
Gandhinagar,236,2019,August,17867,800837,27.27419355,432.5,85.4516129
Gandhinagar,262,2021,October,5094,191415,27.10967742,5.3,65.35483871
Gandhinagar,229,2019,January,18205,1111040,17.99354839,0,53.48387097
Gandhinagar,249,2020,September,686,28167,28.27333333,48.1,80.9
Gandhinagar,232,2019,April,17134,774651,31.52,0.3,33.06666667
Gandhinagar,244,2020,April,71,2820,32.40666667,0,29.53333333
Gangtok,245,2020,May,94,3764,17.21935484,722.5,84.61290323
Gangtok,242,2020,February,18241,1018440,8.965517241,218.8,77.20689655
Gangtok,235,2019,July,18205,818125,19.87419355,1524.8,90.96774194
Gangtok,247,2020,July,307,12655,20.1483871,1380.5,91.80645161
Gangtok,256,2021,April,6891,78718,15.74666667,168.5,69
Gangtok,244,2020,April,71,2820,14.84333333,441.4,79.66666667
Gangtok,259,2021,July,4105,72501,20.2516129,745.4,90.22580645
Gangtok,241,2020,January,20200,1119250,7.277419355,157.1,75.58064516
Gangtok,243,2020,March,5830,328304,12.47096774,328.7,80.25806452
Gangtok,240,2019,December,22631,1226398,8.164516129,130.5,74.22580645
Gangtok,261,2021,September,6549,115661,19.92333333,271,82.66666667
Gangtok,262,2021,October,5094,191415,17.45806452,392.1,81.4516129
Gangtok,263,2021,November,7022,263867,11.75666667,79,76.9
Gangtok,234,2019,June,16083,726446,20.31,1230.4,85.26666667
Gangtok,239,2019,November,19840,1092440,14.19666667,225,82.16666667
Gangtok,248,2020,August,479,19761,20.50322581,618.1,89.22580645
Gangtok,238,2019,October,17057,945017,16.62258065,369,83.96774194
Gangtok,260,2021,August,5251,92728,20.16774194,1505.1,90.29032258
Gangtok,233,2019,May,13642,615136,17.95806452,1064.5,84.83870968
Gangtok,252,2020,December,1776,90544,9.712903226,89.2,76.67741935
Gangtok,250,2020,October,831,41494,18.56774194,189.8,75.19354839
Gangtok,253,2021,January,4700,94662,9.106451613,184,77.58064516
Gangtok,231,2019,March,16214,978236,11.51612903,290.9,79.64516129
Gangtok,258,2021,June,3157,36070,19.58333333,1066.3,89.66666667
Gangtok,249,2020,September,686,28167,19.54666667,1266.9,89.8
Gangtok,237,2019,September,16824,751513,19.36,805.7,88.5
Gangtok,257,2021,May,1730,19765,17.73225806,890.8,84.58064516
Gangtok,254,2021,February,5477,110312,10.68928571,138.6,69.39285714
Gangtok,246,2020,June,208,8590,19.63,995.8,88.73333333
Gangtok,251,2020,November,1413,70977,12.76,68.1,67.93333333
Gangtok,230,2019,February,17959,1090516,9.832142857,234.1,75.82142857
Gangtok,255,2021,March,6642,133768,13.46129032,471.3,78.83870968
Gangtok,236,2019,August,17867,800837,20.77741935,468.7,85.61290323
Gangtok,232,2019,April,17134,774651,15.86666667,339,79.43333333
Gangtok,229,2019,January,18205,1111040,7.580645161,38.5,66.48387097
Gangtok,264,2021,December,8452,317647,8.861290323,73.3,74.4516129
Gurugram,229,2019,January,18205,1111040,12.35806452,34.3,72.61290323
Gurugram,245,2020,May,94,3764,31.14193548,53.6,41.19354839
Gurugram,242,2020,February,18241,1018440,15.65517241,16.8,69.93103448
Gurugram,235,2019,July,18205,818125,30.65483871,128.9,70.4516129
Gurugram,232,2019,April,17134,774651,28.79,9.5,40
Gurugram,264,2021,December,8452,317647,13.97419355,12.4,72.4516129
Gurugram,244,2020,April,71,2820,26.83666667,8.7,45.9
Gurugram,261,2021,September,6549,115661,27.49666667,132.1,84.16666667
Gurugram,241,2020,January,20200,1119250,12.28709677,48.4,80.38709677
Gurugram,243,2020,March,5830,328304,19.73548387,48.2,69.4516129
Gurugram,256,2021,April,6891,78718,27.72,2.3,29.63333333
Gurugram,247,2020,July,307,12655,30.8516129,125.7,71.22580645
Gurugram,240,2019,December,22631,1226398,11.96774194,8.2,80.90322581
Gurugram,234,2019,June,16083,726446,34.35333333,0.8,41.13333333
Gurugram,263,2021,November,7022,263867,19.25333333,0.4,62.3
Gurugram,239,2019,November,19840,1092440,20.70333333,26.6,68
Gurugram,253,2021,January,4700,94662,12.69677419,33.5,80.19354839
Gurugram,252,2020,December,1776,90544,14.13870968,0.4,70.51612903
Gurugram,254,2021,February,5477,110312,17.525,7.8,70.25
Gurugram,246,2020,June,208,8590,32.24333333,7,56.53333333
Gurugram,238,2019,October,17057,945017,25.73870968,7.3,60.61290323
Gurugram,248,2020,August,479,19761,29.14516129,168.7,80.41935484
Gurugram,231,2019,March,16214,978236,19.92903226,10.3,58.22580645
Gurugram,257,2021,May,1730,19765,29.61290323,140,48.25806452
Gurugram,233,2019,May,13642,615136,31.5516129,4.6,33.32258065
Gurugram,259,2021,July,4105,72501,30.98709677,243.2,69.93548387
Gurugram,249,2020,September,686,28167,29.81666667,41,67.16666667
Gurugram,255,2021,March,6642,133768,23.33548387,2.9,51.16129032
Gurugram,237,2019,September,16824,751513,28.50666667,74.8,79.3
Gurugram,250,2020,October,831,41494,25.53548387,0,47.77419355
Gurugram,258,2021,June,3157,36070,31.99333333,17.2,55.46666667
Gurugram,251,2020,November,1413,70977,18.64333333,9.3,57.13333333
Gurugram,231,2019,March,16214,978236,19.92903226,10.3,58.22580645
Gurugram,247,2020,July,307,12655,30.8516129,125.7,71.22580645
Gurugram,258,2021,June,3157,36070,31.99333333,17.2,55.46666667
Gurugram,230,2019,February,17959,1090516,14.93928571,30.8,74.60714286
Guwahati,246,2020,June,208,8590,26.94333333,452.2,88.53333333
Guwahati,240,2019,December,22631,1226398,17.49354839,11.4,79.4516129
Guwahati,238,2019,October,17057,945017,24.47419355,193.9,86.09677419
Guwahati,256,2021,April,6891,78718,26.28333333,24.5,64.06666667
Guwahati,258,2021,June,3157,36070,27.25,290.3,87.26666667
Guwahati,241,2020,January,20200,1119250,16.35483871,26.1,79.61290323
Guwahati,237,2019,September,16824,751513,26.63666667,350.3,89.66666667
Guwahati,242,2020,February,18241,1018440,19.05172414,24.4,69.96551724
Guwahati,259,2021,July,4105,72501,27.6483871,420,88.77419355
Guwahati,229,2019,January,18205,1111040,16.93548387,8.8,70.80645161
Guwahati,255,2021,March,6642,133768,23.69032258,19.3,60.67741935
Guwahati,236,2019,August,17867,800837,28.69032258,232.7,84.12903226
Guwahati,254,2021,February,5477,110312,19.91428571,2.4,67.39285714
Guwahati,235,2019,July,18205,818125,27.2516129,498,89.77419355
Guwahati,243,2020,March,5830,328304,22.97419355,27.4,64
Guwahati,260,2021,August,5251,92728,27.5,363.1,89.32258065
Guwahati,264,2021,December,8452,317647,18.07096774,11.3,76
Guwahati,234,2019,June,16083,726446,27.64666667,230.4,85.9
Guwahati,244,2020,April,71,2820,24.54666667,85.1,69.5
Guwahati,233,2019,May,13642,615136,25.1483871,206.9,85.70967742
Guwahati,253,2021,January,4700,94662,16.9516129,28.2,80.32258065
Guwahati,245,2020,May,94,3764,25.28387097,359.6,82.58064516
Guwahati,261,2021,September,6549,115661,27.84333333,307.8,84.26666667
Guwahati,252,2020,December,1776,90544,18.16451613,9.9,77.41935484
Guwahati,262,2021,October,5094,191415,26.23870968,105,82.41935484
Guwahati,250,2020,October,831,41494,26.36129032,285.1,86.12903226
Guwahati,232,2019,April,17134,774651,24.07333333,121.6,79.36666667
Guwahati,251,2020,November,1413,70977,21.29666667,13,78
Guwahati,231,2019,March,16214,978236,22.02580645,24.5,65.38709677
Guwahati,247,2020,July,307,12655,27.19677419,664,90.38709677
Guwahati,263,2021,November,7022,263867,21.19666667,3.2,72.96666667
Guwahati,230,2019,February,17959,1090516,18.875,31.7,72.53571429
Guwahati,249,2020,September,686,28167,27.16666667,285.2,88.73333333
Guwahati,248,2020,August,479,19761,28.18064516,282.9,86.12903226
Guwahati,257,2021,May,1730,19765,25.94193548,313.4,83.70967742
Guwahati,239,2019,November,19840,1092440,22.34333333,39.8,83.6
Hyderabad,242,2020,February,18241,1018440,23.2137931,22.5,62.79310345
Hyderabad,259,2021,July,4105,72501,25.56129032,237.6,79.64516129
Hyderabad,245,2020,May,94,3764,31.20322581,4.9,47.29032258
Hyderabad,236,2019,August,17867,800837,25.20322581,177.9,80.16129032
Hyderabad,253,2021,January,4700,94662,22.03548387,4.6,67.09677419
Hyderabad,257,2021,May,1730,19765,29.80967742,18.8,54.32258065
Hyderabad,249,2020,September,686,28167,25.34333333,203.6,83.26666667
Hyderabad,235,2019,July,18205,818125,26.04193548,192.6,77.38709677
Hyderabad,234,2019,June,16083,726446,29.86666667,73.1,59.9
Hyderabad,250,2020,October,831,41494,24.77741935,196.8,77.80645161
Hyderabad,240,2019,December,22631,1226398,21.68387097,11.1,74.58064516
Hyderabad,264,2021,December,8452,317647,22.19032258,2,61.61290323
Hyderabad,239,2019,November,19840,1092440,23.69333333,10.1,74.6
Hyderabad,230,2019,February,17959,1090516,24.225,0.4,55.17857143
Hyderabad,247,2020,July,307,12655,25.58387097,203.1,82.48387097
Hyderabad,251,2020,November,1413,70977,23.05666667,24.1,66.76666667
Hyderabad,229,2019,January,18205,1111040,20.76774194,32.8,58.58064516
Hyderabad,248,2020,August,479,19761,24.72258065,272.1,83.77419355
Hyderabad,237,2019,September,16824,751513,24.84333333,188.8,84.56666667
Hyderabad,256,2021,April,6891,78718,29.15333333,4.9,46
Hyderabad,243,2020,March,5830,328304,26.36129032,4.2,57.90322581
Hyderabad,260,2021,August,5251,92728,25.60322581,112.3,78.5483871
Hyderabad,263,2021,November,7022,263867,23.72333333,54.9,74.36666667
Hyderabad,254,2021,February,5477,110312,22.69285714,0.5,51.5
Hyderabad,238,2019,October,17057,945017,24.20322581,161.4,87.12903226
Hyderabad,231,2019,March,16214,978236,28.18387097,0.4,44.58064516
Hyderabad,255,2021,March,6642,133768,27.47096774,0,36.70967742
Hyderabad,246,2020,June,208,8590,27.21333333,189.6,72.86666667
Hyderabad,241,2020,January,20200,1119250,22.42580645,2.5,69.67741935
Hyderabad,258,2021,June,3157,36070,26.90333333,68.8,70.7
Hyderabad,262,2021,October,5094,191415,25.29354839,61.5,70.5483871
Hyderabad,244,2020,April,71,2820,29.17,3.4,50.46666667
Hyderabad,233,2019,May,13642,615136,32.80967742,0.9,35.12903226
Hyderabad,252,2020,December,1776,90544,20.87741935,0,64.09677419
Hyderabad,232,2019,April,17134,774651,30.45333333,3.6,43.13333333
Hyderabad,261,2021,September,6549,115661,24.73333333,221.4,82.83333333
Imphal,243,2020,March,5830,328304,18.65806452,5.7,64.41935484
Imphal,254,2021,February,5477,110312,16.22857143,2.3,59.10714286
Imphal,242,2020,February,18241,1018440,14.75517241,8.4,69.68965517
Imphal,244,2020,April,71,2820,21.84333333,76.6,64.66666667
Imphal,253,2021,January,4700,94662,13.5516129,5.3,72
Imphal,261,2021,September,6549,115661,24.14,106.3,83.73333333
Imphal,233,2019,May,13642,615136,24.23548387,199.7,74.70967742
Imphal,239,2019,November,19840,1092440,18.38,36.3,79.36666667
Imphal,259,2021,July,4105,72501,24.5,228,85.67741935
Imphal,236,2019,August,17867,800837,24.82580645,229,85.5483871
Imphal,245,2020,May,94,3764,23.17096774,185.2,75.87096774
Imphal,241,2020,January,20200,1119250,12.90645161,35.7,77.61290323
Imphal,262,2021,October,5094,191415,23.05806452,26.2,80.41935484
Imphal,255,2021,March,6642,133768,20.00322581,34.1,59
Imphal,257,2021,May,1730,19765,24.09032258,84.2,73.48387097
Imphal,232,2019,April,17134,774651,22.34,31.7,69.13333333
Imphal,252,2020,December,1776,90544,13.51290323,0,70.4516129
Imphal,251,2020,November,1413,70977,17.69666667,20.5,78.16666667
Imphal,237,2019,September,16824,751513,23.62333333,199,87.43333333
Imphal,264,2021,December,8452,317647,14.86774194,55,76
Imphal,246,2020,June,208,8590,24.12,199.2,86.1
Imphal,258,2021,June,3157,36070,24.29,335.3,84.6
Imphal,247,2020,July,307,12655,24.24516129,212.4,87.61290323
Imphal,263,2021,November,7022,263867,18.93,4.1,68.33333333
Imphal,231,2019,March,16214,978236,17.56774194,21.1,72.61290323
Imphal,249,2020,September,686,28167,24.24,140.5,85.36666667
Imphal,240,2019,December,22631,1226398,13.69677419,9.1,72.61290323
Imphal,229,2019,January,18205,1111040,13.24193548,0,68.38709677
Imphal,238,2019,October,17057,945017,21.66129032,92.1,86.4516129
Imphal,250,2020,October,831,41494,23.09677419,240.8,85.70967742
Imphal,230,2019,February,17959,1090516,15.34642857,34.5,68.10714286
Imphal,256,2021,April,6891,78718,23.25333333,19,57.66666667
Imphal,248,2020,August,479,19761,24.56451613,214.8,86.61290323
Imphal,260,2021,August,5251,92728,23.99677419,158.5,86.5483871
Imphal,235,2019,July,18205,818125,24.40967742,305,86.58064516
Imphal,234,2019,June,16083,726446,24.49333333,203,84.83333333
Itanagar,258,2021,June,3157,36070,26.36333333,562.3,85.2
Itanagar,239,2019,November,19840,1092440,21.12333333,56.1,77.86666667
Itanagar,240,2019,December,22631,1226398,15.97419355,25.9,73.29032258
Itanagar,259,2021,July,4105,72501,27.06451613,416.6,85.22580645
Itanagar,264,2021,December,8452,317647,16.64516129,7.8,69.4516129
Itanagar,235,2019,July,18205,818125,26.42903226,638.9,87.41935484
Itanagar,243,2020,March,5830,328304,20.03548387,125.5,75.93548387
Itanagar,244,2020,April,71,2820,21.8,190.1,76.2
Itanagar,230,2019,February,17959,1090516,16.88214286,156.7,74.10714286
Itanagar,237,2019,September,16824,751513,25.82333333,358.3,85.56666667
Itanagar,248,2020,August,479,19761,27.47419355,190.7,84.96774194
Itanagar,250,2020,October,831,41494,24.90967742,243.8,81.64516129
Itanagar,247,2020,July,307,12655,26.21290323,462.1,89.29032258
Itanagar,260,2021,August,5251,92728,26.48387097,358.1,87.90322581
Itanagar,251,2020,November,1413,70977,19.48,48.2,75.23333333
Itanagar,234,2019,June,16083,726446,26.66666667,395.9,84.63333333
Itanagar,262,2021,October,5094,191415,24.98064516,122,78.5483871
Itanagar,257,2021,May,1730,19765,24.12903226,455,84.41935484
Itanagar,229,2019,January,18205,1111040,15.27096774,22.1,66.93548387
Itanagar,233,2019,May,13642,615136,23.38387097,744.8,86.70967742
Itanagar,261,2021,September,6549,115661,27.12666667,107.9,78.96666667
Itanagar,231,2019,March,16214,978236,18.88709677,213.3,77.58064516
Itanagar,255,2021,March,6642,133768,20.50645161,151.8,74.48387097
Itanagar,242,2020,February,18241,1018440,16.97931034,71.5,75
Itanagar,245,2020,May,94,3764,23.71935484,628.7,82.83870968
Itanagar,236,2019,August,17867,800837,28.03870968,252.9,82.70967742
Itanagar,241,2020,January,20200,1119250,14.79032258,79.5,76.77419355
Itanagar,254,2021,February,5477,110312,17.80714286,13.4,66.5
Itanagar,238,2019,October,17057,945017,23.14516129,159.9,82.87096774
Itanagar,232,2019,April,17134,774651,22.2,345.7,81
Itanagar,263,2021,November,7022,263867,19.05666667,11.4,68.3
Itanagar,246,2020,June,208,8590,25.75333333,588.5,87.43333333
Itanagar,249,2020,September,686,28167,26.4,260.4,86.56666667
Itanagar,253,2021,January,4700,94662,15.58709677,34.6,73.5483871
Itanagar,252,2020,December,1776,90544,16.18064516,16.4,70.90322581
Itanagar,256,2021,April,6891,78718,22.62666667,189.6,76.2
Jaipur,229,2019,January,18205,1111040,14.32903226,7.5,56.96774194
Jaipur,232,2019,April,17134,774651,30.7,27.6,27.93333333
Jaipur,262,2021,October,5094,191415,25.21612903,40.2,58.90322581
Jaipur,236,2019,August,17867,800837,27.45806452,325.5,84.16129032
Jaipur,258,2021,June,3157,36070,32.89666667,8.6,45.4
Jaipur,249,2020,September,686,28167,28.55333333,69.6,69.46666667
Jaipur,235,2019,July,18205,818125,29.99677419,295.9,68.90322581
Jaipur,246,2020,June,208,8590,32.97666667,13.8,46.5
Jaipur,242,2020,February,18241,1018440,18.03793103,4.4,48.62068966
Jaipur,260,2021,August,5251,92728,28.33548387,159,72.25806452
Jaipur,255,2021,March,6642,133768,26.04516129,2.1,31
Jaipur,243,2020,March,5830,328304,21.70645161,26.4,49.93548387
Jaipur,259,2021,July,4105,72501,30.52580645,251.4,66.29032258
Jaipur,261,2021,September,6549,115661,26.64,143.7,84.33333333
Jaipur,241,2020,January,20200,1119250,14.1516129,7.3,64
Jaipur,240,2019,December,22631,1226398,13.79677419,8.3,66.4516129
Jaipur,231,2019,March,16214,978236,22.38064516,3.1,39.90322581
Jaipur,247,2020,July,307,12655,31.00645161,112.1,65.61290323
Jaipur,237,2019,September,16824,751513,27.20666667,178.9,84.46666667
Jaipur,263,2021,November,7022,263867,19.57666667,15.7,57.6
Jaipur,238,2019,October,17057,945017,25.28064516,3.2,58.74193548
Jaipur,239,2019,November,19840,1092440,22.24333333,14.9,62.03333333
Jaipur,251,2020,November,1413,70977,19.39,15.9,52.63333333
Jaipur,253,2021,January,4700,94662,14.61290323,27.1,64.83870968
Jaipur,230,2019,February,17959,1090516,16.90357143,9,54.28571429
Jaipur,254,2021,February,5477,110312,20.09285714,0,43.71428571
Jaipur,264,2021,December,8452,317647,15.01612903,11.2,64.12903226
Jaipur,256,2021,April,6891,78718,29.84,0.1,17.93333333
Jaipur,244,2020,April,71,2820,29.18666667,1.7,30.83333333
Jaipur,233,2019,May,13642,615136,33.06774194,0.1,25.22580645
Jaipur,257,2021,May,1730,19765,30.40967742,81.5,41.16129032
Jaipur,248,2020,August,479,19761,27.82258065,212.3,82.90322581
Jaipur,234,2019,June,16083,726446,34.30666667,38.7,39.23333333
Jaipur,245,2020,May,94,3764,32.7483871,17.1,30.96774194
Jaipur,250,2020,October,831,41494,26.50967742,0.4,38.67741935
Jaipur,252,2020,December,1776,90544,16.21290323,0.3,54.41935484
Kavaratti,238,2019,October,17057,945017,27.3,515.9,82.09677419
Kavaratti,234,2019,June,16083,726446,28.29333333,207.9,82.03333333
Kavaratti,259,2021,July,4105,72501,27.66129032,140.9,80.96774194
Kavaratti,246,2020,June,208,8590,27.96333333,296.1,84
Kavaratti,263,2021,November,7022,263867,27.22666667,212.4,78.6
Kavaratti,256,2021,April,6891,78718,28.78666667,55.9,75.16666667
Kavaratti,247,2020,July,307,12655,27.31290323,391.5,83.51612903
Kavaratti,240,2019,December,22631,1226398,27.87419355,141.2,78.51612903
Kavaratti,248,2020,August,479,19761,27.51612903,163.7,81.38709677
Kavaratti,264,2021,December,8452,317647,27.35483871,36.7,75.64516129
Kavaratti,260,2021,August,5251,92728,26.95483871,274.3,82.83870968
Kavaratti,241,2020,January,20200,1119250,27.60967742,9.1,75.06451613
Kavaratti,262,2021,October,5094,191415,27.12258065,219,81.83870968
Kavaratti,252,2020,December,1776,90544,27.59032258,106.8,78.41935484
Kavaratti,249,2020,September,686,28167,26.95,226,84.16666667
Kavaratti,233,2019,May,13642,615136,29.36774194,9.3,73.41935484
Kavaratti,245,2020,May,94,3764,29.30322581,212.5,77.74193548
Kavaratti,243,2020,March,5830,328304,28.12580645,17.6,76.74193548
Kavaratti,257,2021,May,1730,19765,28.37096774,375.9,80.83870968
Kavaratti,255,2021,March,6642,133768,28.33870968,8.7,76.4516129
Kavaratti,258,2021,June,3157,36070,27.96,109.4,80.56666667
Kavaratti,239,2019,November,19840,1092440,27.90333333,69.3,79.5
Kavaratti,242,2020,February,18241,1018440,27.58965517,6,76.72413793
Kavaratti,231,2019,March,16214,978236,27.75806452,1.5,76.41935484
Kavaratti,236,2019,August,17867,800837,27.18064516,337.4,84.29032258
Kavaratti,244,2020,April,71,2820,29.32333333,13.6,74.16666667
Kavaratti,250,2020,October,831,41494,27.46774194,47.6,78.22580645
Kavaratti,251,2020,November,1413,70977,27.91,92.7,78.26666667
Kavaratti,261,2021,September,6549,115661,27.20666667,123,82.46666667
Kavaratti,235,2019,July,18205,818125,27.65483871,284.2,82.96774194
Kavaratti,232,2019,April,17134,774651,29.05333333,3.2,75.03333333
Kavaratti,253,2021,January,4700,94662,27.23870968,125.7,77.80645161
Kavaratti,254,2021,February,5477,110312,27.375,12.3,74.25
Kavaratti,237,2019,September,16824,751513,27.35666667,132,83.2
Kavaratti,229,2019,January,18205,1111040,27.19354839,0.9,68.09677419
Kavaratti,230,2019,February,17959,1090516,27.42857143,0.9,76.75
Kohima,264,2021,December,8452,317647,11.29032258,78.1,79.32258065
Kohima,229,2019,January,18205,1111040,9.874193548,28.8,74.16129032
Kohima,230,2019,February,17959,1090516,11.59642857,77.4,75.85714286
Kohima,231,2019,March,16214,978236,13.69032258,120.6,78.16129032
Kohima,232,2019,April,17134,774651,16.84666667,273.6,83.56666667
Kohima,233,2019,May,13642,615136,19.36774194,367.7,83.67741935
Kohima,234,2019,June,16083,726446,20.79666667,743.4,89.5
Kohima,235,2019,July,18205,818125,21.09354839,843,91.03225806
Kohima,236,2019,August,17867,800837,21.58709677,496.1,88.16129032
Kohima,237,2019,September,16824,751513,20.1,773.7,90.56666667
Kohima,238,2019,October,17057,945017,17.49677419,512.6,91.16129032
Kohima,239,2019,November,19840,1092440,15.03666667,79.6,81.9
Kohima,240,2019,December,22631,1226398,10.3516129,37.8,75.83870968
Kohima,241,2020,January,20200,1119250,9.380645161,123.9,82.80645161
Kohima,242,2020,February,18241,1018440,10.75862069,82.8,83.93103448
Kohima,243,2020,March,5830,328304,13.91935484,90.7,79.96774194
Kohima,244,2020,April,71,2820,16.33,284.9,80.26666667
Kohima,245,2020,May,94,3764,18.31935484,540.8,87.87096774
Kohima,246,2020,June,208,8590,20.49333333,1039.5,90.76666667
Kohima,247,2020,July,307,12655,20.8516129,1272.7,92.16129032
Kohima,248,2020,August,479,19761,21.26451613,939.8,90.16129032
Kohima,249,2020,September,686,28167,20.52333333,964,90.7
Kohima,250,2020,October,831,41494,19.29354839,520.7,91.03225806
Kohima,251,2020,November,1413,70977,14.6,115.3,76.5
Kohima,252,2020,December,1776,90544,10.88709677,11.9,71.25806452
Kohima,253,2021,January,4700,94662,10.65806452,37.2,71.70967742
Kohima,254,2021,February,5477,110312,12.46785714,37,70.07142857
Kohima,255,2021,March,6642,133768,15.76129032,93.3,68.87096774
Kohima,256,2021,April,6891,78718,17.96666667,112.7,71.1
Kohima,257,2021,May,1730,19765,18.96129032,513.5,85.67741935
Kohima,258,2021,June,3157,36070,20.76666667,768.9,89.73333333
Kohima,259,2021,July,4105,72501,21.14516129,843.4,90.16129032
Kohima,260,2021,August,5251,92728,20.83225806,936,91.58064516
Kohima,261,2021,September,6549,115661,20.69,338.4,86.53333333
Kohima,262,2021,October,5094,191415,18.76774194,274.7,87.06451613
Kohima,263,2021,November,7022,263867,13.84,26.6,79.7
Kolkata,246,2020,June,208,8590,28.84333333,279.5,86.2
Kolkata,259,2021,July,4105,72501,28.61290323,430.3,86.32258065
Kolkata,263,2021,November,7022,263867,23.26666667,43.9,76.8
Kolkata,254,2021,February,5477,110312,22.11071429,0,61.96428571
Kolkata,251,2020,November,1413,70977,23.92333333,5,70.8
Kolkata,237,2019,September,16824,751513,27.69333333,266.7,88.2
Kolkata,256,2021,April,6891,78718,30.06333333,31.8,68.83333333
Kolkata,258,2021,June,3157,36070,28.72333333,328.9,85.8
Kolkata,247,2020,July,307,12655,28.89032258,313.6,85.80645161
Kolkata,244,2020,April,71,2820,28.63666667,187.7,74.03333333
Kolkata,231,2019,March,16214,978236,25.35483871,58.8,74.4516129
Kolkata,240,2019,December,22631,1226398,19.40967742,14.3,76.87096774
Kolkata,253,2021,January,4700,94662,19.97741935,0.2,68.87096774
Kolkata,236,2019,August,17867,800837,28.38387097,372.6,86.93548387
Kolkata,242,2020,February,18241,1018440,20.80689655,7.4,66.75862069
Kolkata,241,2020,January,20200,1119250,18.42903226,31,76.32258065
Kolkata,234,2019,June,16083,726446,30.07666667,171.5,81.63333333
Kolkata,261,2021,September,6549,115661,27.39,470.3,89.3
Kolkata,239,2019,November,19840,1092440,23.9,106.7,80.26666667
Kolkata,255,2021,March,6642,133768,28.21290323,5.9,62.48387097
Kolkata,233,2019,May,13642,615136,30.69677419,83.8,77.12903226
Kolkata,229,2019,January,18205,1111040,18.51290323,1.5,65.51612903
Kolkata,250,2020,October,831,41494,27.68387097,147.4,85
Kolkata,262,2021,October,5094,191415,27.09677419,232.7,85.19354839
Kolkata,252,2020,December,1776,90544,19.78064516,0,71.5483871
Kolkata,235,2019,July,18205,818125,29.18387097,225.6,83.4516129
Kolkata,264,2021,December,8452,317647,19.59677419,101.2,76.90322581
Kolkata,245,2020,May,94,3764,28.62258065,193.2,81.77419355
Kolkata,257,2021,May,1730,19765,29.5483871,147.4,77.4516129
Kolkata,260,2021,August,5251,92728,28.25806452,375.6,87.80645161
Kolkata,243,2020,March,5830,328304,26.37096774,19.9,64.96774194
Kolkata,248,2020,August,479,19761,28.46451613,419.3,87.58064516
Kolkata,232,2019,April,17134,774651,28.63,76.4,77.46666667
Kolkata,238,2019,October,17057,945017,26.45806452,225.4,86.16129032
Kolkata,249,2020,September,686,28167,28.52,288.7,87.23333333
Kolkata,230,2019,February,17959,1090516,22.39285714,63.2,64.03571429
Leh,236,2019,August,17867,800837,15.8516129,49,47.4516129
Leh,260,2021,August,5251,92728,16.70967742,7.9,36.06451613
Leh,234,2019,June,16083,726446,8.78,73.6,52.4
Leh,254,2021,February,5477,110312,-4.217857143,10.1,38.67857143
Leh,243,2020,March,5830,328304,-2,27.7,40.61290323
Leh,235,2019,July,18205,818125,16.64516129,20.2,36.87096774
Leh,248,2020,August,479,19761,18.93225806,18.1,33.32258065
Leh,230,2019,February,17959,1090516,-8.178571429,63.5,40.82142857
Leh,237,2019,September,16824,751513,15.28333333,5.6,23.6
Leh,258,2021,June,3157,36070,10.13666667,81.5,52.6
Leh,257,2021,May,1730,19765,5.809677419,54.5,50.87096774
Leh,256,2021,April,6891,78718,-0.97,46.5,45.23333333
Leh,247,2020,July,307,12655,17.20645161,12.5,33.22580645
Leh,240,2019,December,22631,1226398,-7.45483871,9.9,25.22580645
Leh,251,2020,November,1413,70977,-0.5666666667,9.7,28.53333333
Leh,263,2021,November,7022,263867,-1.873333333,0.9,26.5
Leh,238,2019,October,17057,945017,4.977419355,17.3,36.77419355
Leh,231,2019,March,16214,978236,-4.138709677,18.2,37.38709677
Leh,255,2021,March,6642,133768,-1.396774194,17.8,39.22580645
Leh,239,2019,November,19840,1092440,-2.453333333,48.9,43.16666667
Leh,246,2020,June,208,8590,11.86,33.1,45.5
Leh,262,2021,October,5094,191415,5.680645161,29.6,29.16129032
Leh,229,2019,January,18205,1111040,-9.396774194,27.4,40
Leh,259,2021,July,4105,72501,17.10322581,28.9,42.74193548
Leh,245,2020,May,94,3764,7.835483871,52,42.25806452
Leh,241,2020,January,20200,1119250,-9.522580645,40.5,36.90322581
Leh,232,2019,April,17134,774651,4.193333333,21.6,43.1
Leh,252,2020,December,1776,90544,-7.5,18.4,34.12903226
Leh,261,2021,September,6549,115661,14.15666667,26,37.86666667
Leh,253,2021,January,4700,94662,-6.74516129,21.4,27.80645161
Leh,264,2021,December,8452,317647,-6.829032258,11.8,33.41935484
Leh,244,2020,April,71,2820,1.516666667,19.8,44.23333333
Leh,233,2019,May,13642,615136,5.558064516,61.5,49.61290323
Leh,250,2020,October,831,41494,7.990322581,2.4,16.58064516
Leh,242,2020,February,18241,1018440,-6.062068966,6.4,30.17241379
Leh,249,2020,September,686,28167,14.62333333,3.3,23.03333333
Lucknow,243,2020,March,5830,328304,22.00967742,64.7,65.77419355
Lucknow,256,2021,April,6891,78718,30.09666667,0,25.03333333
Lucknow,242,2020,February,18241,1018440,16.67931034,15.2,72.34482759
Lucknow,253,2021,January,4700,94662,14.54516129,0.6,77.4516129
Lucknow,254,2021,February,5477,110312,18.99642857,3.5,66.57142857
Lucknow,245,2020,May,94,3764,29.84516129,64.9,56.35483871
Lucknow,233,2019,May,13642,615136,33.70645161,0.3,30.38709677
Lucknow,232,2019,April,17134,774651,29.86666667,3.9,40.13333333
Lucknow,229,2019,January,18205,1111040,14.45483871,13.2,70.87096774
Lucknow,248,2020,August,479,19761,28.89677419,438.8,83.90322581
Lucknow,264,2021,December,8452,317647,15.92580645,15.2,72.5483871
Lucknow,239,2019,November,19840,1092440,21.78333333,0.6,71.56666667
Lucknow,259,2021,July,4105,72501,30.00967742,215.1,78.58064516
Lucknow,262,2021,October,5094,191415,25.73548387,72.9,76.16129032
Lucknow,255,2021,March,6642,133768,25.49354839,0.5,44.25806452
Lucknow,236,2019,August,17867,800837,28.91612903,268.3,84.4516129
Lucknow,244,2020,April,71,2820,28.01666667,16.9,46.6
Lucknow,240,2019,December,22631,1226398,13.87741935,37.5,80.61290323
Lucknow,247,2020,July,307,12655,29.1483871,298.5,83.77419355
Lucknow,230,2019,February,17959,1090516,17.06785714,55,72.82142857
Lucknow,263,2021,November,7022,263867,20.01,1.3,70.1
Lucknow,258,2021,June,3157,36070,29.37,144,75.33333333
Lucknow,261,2021,September,6549,115661,28.00333333,313.5,84.86666667
Lucknow,237,2019,September,16824,751513,27.28,410.6,87.6
Lucknow,249,2020,September,686,28167,28.88333333,79.5,81.56666667
Lucknow,246,2020,June,208,8590,29.37333333,218.3,74.86666667
Lucknow,235,2019,July,18205,818125,29.74193548,440.3,79.25806452
Lucknow,250,2020,October,831,41494,27.12903226,0.7,60
Lucknow,238,2019,October,17057,945017,25.25806452,11.1,75.93548387
Lucknow,260,2021,August,5251,92728,28.57741935,176.2,83.4516129
Lucknow,234,2019,June,16083,726446,33.65,41.8,52.96666667
Lucknow,257,2021,May,1730,19765,29.23548387,52.1,59.5483871
Lucknow,231,2019,March,16214,978236,22.55483871,2.1,49.32258065
Lucknow,252,2020,December,1776,90544,15.68709677,0.3,71.74193548
Lucknow,241,2020,January,20200,1119250,13.93870968,91.2,82.93548387
Lucknow,251,2020,November,1413,70977,20.14666667,7.1,61.03333333
Ludhiana,253,2021,January,4700,94662,11.08064516,31.4,87.06451613
Ludhiana,255,2021,March,6642,133768,21.54516129,3.7,56.77419355
Ludhiana,252,2020,December,1776,90544,12.59677419,12.8,77.87096774
Ludhiana,264,2021,December,8452,317647,12.56451613,1,76.96774194
Ludhiana,247,2020,July,307,12655,29.69677419,131.7,77.32258065
Ludhiana,236,2019,August,17867,800837,28.49032258,330.9,85.61290323
Ludhiana,232,2019,April,17134,774651,25.58,45.1,54.86666667
Ludhiana,262,2021,October,5094,191415,24.23225806,48.2,70.83870968
Ludhiana,233,2019,May,13642,615136,29.13548387,17.7,40.58064516
Ludhiana,242,2020,February,18241,1018440,14.18275862,36,78.24137931
Ludhiana,259,2021,July,4105,72501,30.18064516,129.1,74.5483871
Ludhiana,235,2019,July,18205,818125,29.4483871,235.7,78.32258065
Ludhiana,245,2020,May,94,3764,29.01612903,33.6,47.51612903
Ludhiana,241,2020,January,20200,1119250,10.5516129,76.5,85.29032258
Ludhiana,230,2019,February,17959,1090516,13.17142857,102.3,82.42857143
Ludhiana,237,2019,September,16824,751513,28.27333333,88.4,79.96666667
Ludhiana,250,2020,October,831,41494,24.84193548,0,47.48387097
Ludhiana,261,2021,September,6549,115661,27.75,102.7,81.33333333
Ludhiana,238,2019,October,17057,945017,23.97096774,6.8,71.64516129
Ludhiana,234,2019,June,16083,726446,32.61333333,11.8,44.03333333
Ludhiana,244,2020,April,71,2820,24.44666667,41.2,56.76666667
Ludhiana,243,2020,March,5830,328304,17.69032258,150.6,77.93548387
Ludhiana,257,2021,May,1730,19765,29.20645161,11.9,45.38709677
Ludhiana,254,2021,February,5477,110312,15.84285714,5.3,79.21428571
Ludhiana,248,2020,August,479,19761,28.96451613,154.1,83.38709677
Ludhiana,231,2019,March,16214,978236,17.39677419,21.8,70.96774194
Ludhiana,249,2020,September,686,28167,28.83666667,32.7,73.23333333
Ludhiana,256,2021,April,6891,78718,25.01,40.4,41.06666667
Ludhiana,251,2020,November,1413,70977,17.70666667,19.1,58.93333333
Ludhiana,263,2021,November,7022,263867,17.42666667,0.7,69.56666667
Ludhiana,260,2021,August,5251,92728,29.0516129,118.9,81.93548387
Ludhiana,229,2019,January,18205,1111040,10.69032258,56.2,79.5483871
Ludhiana,246,2020,June,208,8590,30.98666667,15,61
Ludhiana,239,2019,November,19840,1092440,18.5,29.7,75.4
Ludhiana,258,2021,June,3157,36070,31.09666667,64.1,56.8
Ludhiana,240,2019,December,22631,1226398,10.9483871,49.8,85.61290323
Mumbai,246,2020,June,208,8590,27.48666667,452.9,87.36666667
Mumbai,257,2021,May,1730,19765,29.25806452,270.3,76.87096774
Mumbai,238,2019,October,17057,945017,27.21290323,267.3,84.19354839
Mumbai,239,2019,November,19840,1092440,26.81666667,22,76.96666667
Mumbai,229,2019,January,18205,1111040,22.28709677,0.2,59.58064516
Mumbai,250,2020,October,831,41494,27.36129032,116.6,85.64516129
Mumbai,247,2020,July,307,12655,26.89677419,872.3,90.03225806
Mumbai,251,2020,November,1413,70977,26.85666667,0.1,63.46666667
Mumbai,230,2019,February,17959,1090516,23.16071429,0,65.28571429
Mumbai,263,2021,November,7022,263867,27.07,18,69.03333333
Mumbai,231,2019,March,16214,978236,25.32258065,0,69.41935484
Mumbai,262,2021,October,5094,191415,27.33225806,49.3,77.83870968
Mumbai,232,2019,April,17134,774651,27.94666667,0.2,75.93333333
Mumbai,252,2020,December,1776,90544,25.0483871,24.8,64.83870968
Mumbai,245,2020,May,94,3764,29.84193548,1.6,75.64516129
Mumbai,233,2019,May,13642,615136,28.88064516,0.9,75.51612903
Mumbai,244,2020,April,71,2820,28.65,0.1,74.9
Mumbai,253,2021,January,4700,94662,24.21612903,3.6,69.09677419
Mumbai,261,2021,September,6549,115661,26.32333333,539.8,89.2
Mumbai,234,2019,June,16083,726446,28.53333333,329.1,82.23333333
Mumbai,264,2021,December,8452,317647,23.66451613,99.2,75.4516129
Mumbai,243,2020,March,5830,328304,25.92258065,0.1,66.70967742
Mumbai,242,2020,February,18241,1018440,25.23103448,0,57.86206897
Mumbai,235,2019,July,18205,818125,26.64193548,832,90.16129032
Mumbai,260,2021,August,5251,92728,26.34193548,319.6,88.19354839
Mumbai,254,2021,February,5477,110312,25.33214286,1.1,58.10714286
Mumbai,248,2020,August,479,19761,26.43548387,951.7,90
Mumbai,259,2021,July,4105,72501,27.01290323,615.4,87.41935484
Mumbai,241,2020,January,20200,1119250,23,1.6,68.32258065
Mumbai,255,2021,March,6642,133768,27.98709677,0,56.64516129
Mumbai,236,2019,August,17867,800837,26.45806452,536.3,88.90322581
Mumbai,249,2020,September,686,28167,26.96666667,351.8,88.5
Mumbai,256,2021,April,6891,78718,28.54666667,0.1,75.63333333
Mumbai,240,2019,December,22631,1226398,25.78709677,4.5,69.09677419
Mumbai,237,2019,September,16824,751513,26.44666667,612.1,90.06666667
Mumbai,258,2021,June,3157,36070,27.11,364.5,87.96666667
Panaji,261,2021,September,6549,115661,25.77,433.7,90.56666667
Panaji,236,2019,August,17867,800837,25.85806452,896.6,90.96774194
Panaji,263,2021,November,7022,263867,26.69333333,214.1,80.8
Panaji,257,2021,May,1730,19765,28.71612903,320.9,80.80645161
Panaji,262,2021,October,5094,191415,26.96451613,87.3,84.5483871
Panaji,234,2019,June,16083,726446,27.65666667,616,85.96666667
Panaji,252,2020,December,1776,90544,26.80322581,3.4,64.93548387
Panaji,258,2021,June,3157,36070,26.37666667,898.5,89.66666667
Panaji,253,2021,January,4700,94662,26.62258065,30.8,68.96774194
Panaji,241,2020,January,20200,1119250,25.70967742,0,68.41935484
Panaji,251,2020,November,1413,70977,27.35333333,2.1,70
Panaji,247,2020,July,307,12655,26.10322581,1132.8,90.67741935
Panaji,250,2020,October,831,41494,26.36451613,264.7,87.87096774
Panaji,237,2019,September,16824,751513,26.01666667,568.8,90.6
Panaji,230,2019,February,17959,1090516,25.35714286,0,65
Panaji,245,2020,May,94,3764,29.91935484,24.4,76.12903226
Panaji,229,2019,January,18205,1111040,24.49032258,0,61.25806452
Panaji,232,2019,April,17134,774651,28.67333333,0.4,74.96666667
Panaji,248,2020,August,479,19761,25.88709677,902,90.35483871
Panaji,239,2019,November,19840,1092440,27.67666667,13.2,73.56666667
Panaji,240,2019,December,22631,1226398,27.60322581,8.2,65.90322581
Panaji,254,2021,February,5477,110312,26.58571429,2.5,62.46428571
Panaji,246,2020,June,208,8590,26.60333333,839,90.66666667
Panaji,233,2019,May,13642,615136,29.12903226,3.5,73.5483871
Panaji,238,2019,October,17057,945017,26.80645161,462.5,86.90322581
Panaji,255,2021,March,6642,133768,28.22580645,2.4,74.80645161
Panaji,231,2019,March,16214,978236,26.19677419,1,72.77419355
Panaji,244,2020,April,71,2820,29.18333333,3.1,76.43333333
Panaji,242,2020,February,18241,1018440,26.40689655,0,66
Panaji,243,2020,March,5830,328304,27.42903226,0.6,68.12903226
Panaji,256,2021,April,6891,78718,29.06,13.3,75.7
Panaji,259,2021,July,4105,72501,25.95806452,1007.1,90.32258065
Panaji,260,2021,August,5251,92728,25.77741935,236.9,90.22580645
Panaji,235,2019,July,18205,818125,26.06774194,849.7,90.58064516
Panaji,264,2021,December,8452,317647,24.99032258,62.3,76.83870968
Panaji,249,2020,September,686,28167,26.24,467.3,89.46666667
Patna,260,2021,August,5251,92728,28.5483871,284,86.22580645
Patna,234,2019,June,16083,726446,33.57,45.6,58.3
Patna,253,2021,January,4700,94662,15.89354839,0,75.58064516
Patna,259,2021,July,4105,72501,29.20967742,298.7,84.19354839
Patna,257,2021,May,1730,19765,29.09032258,209.6,68.38709677
Patna,244,2020,April,71,2820,27.85,41.9,56.53333333
Patna,236,2019,August,17867,800837,29.43225806,227.1,83.25806452
Patna,233,2019,May,13642,615136,32.68709677,3.2,47.06451613
Patna,241,2020,January,20200,1119250,15.41612903,13.2,83.4516129
Patna,261,2021,September,6549,115661,28.53,238.1,84.86666667
Patna,255,2021,March,6642,133768,25.60645161,0.3,50.03225806
Patna,262,2021,October,5094,191415,26.47419355,141.9,80.5483871
Patna,245,2020,May,94,3764,29.29354839,47.6,69.77419355
Patna,252,2020,December,1776,90544,17.4,0,74.83870968
Patna,232,2019,April,17134,774651,29.26333333,14.5,57.33333333
Patna,239,2019,November,19840,1092440,23.15666667,0.3,72.86666667
Patna,249,2020,September,686,28167,28.51,240.1,87
Patna,246,2020,June,208,8590,29.16333333,414.2,79.8
Patna,238,2019,October,17057,945017,25.9,28.7,81.16129032
Patna,256,2021,April,6891,78718,30.05,3.5,37.3
Patna,251,2020,November,1413,70977,21.80666667,0.1,66.33333333
Patna,231,2019,March,16214,978236,23.96129032,3.8,52.06451613
Patna,240,2019,December,22631,1226398,16.30967742,31.6,79.58064516
Patna,237,2019,September,16824,751513,27.91666667,567.6,87.16666667
Patna,263,2021,November,7022,263867,21.6,0,67.53333333
Patna,247,2020,July,307,12655,28.71935484,474.7,87.06451613
Patna,264,2021,December,8452,317647,17.8483871,37.3,72.80645161
Patna,248,2020,August,479,19761,29.27096774,201.1,83.16129032
Patna,230,2019,February,17959,1090516,19.34642857,17.8,68.57142857
Patna,229,2019,January,18205,1111040,16.10645161,4.1,69.41935484
Patna,243,2020,March,5830,328304,23.73870968,48.9,64.4516129
Patna,254,2021,February,5477,110312,19.28214286,3.6,68.46428571
Patna,258,2021,June,3157,36070,28.92666667,405.8,81.56666667
Patna,235,2019,July,18205,818125,29.67419355,414.2,81
Patna,242,2020,February,18241,1018440,17.95172414,16,71.65517241
Patna,250,2020,October,831,41494,27.46129032,41.2,77.29032258
Port Blair,231,2019,March,16214,978236,27.37419355,9.5,75.61290323
Port Blair,250,2020,October,831,41494,26.24516129,436.5,90.90322581
Port Blair,248,2020,August,479,19761,27.33548387,220.5,85.19354839
Port Blair,247,2020,July,307,12655,26.95483871,300.7,88.06451613
Port Blair,251,2020,November,1413,70977,26.92666667,117.7,84.3
Port Blair,246,2020,June,208,8590,27.12333333,331.2,88.83333333
Port Blair,245,2020,May,94,3764,28.1483871,268.1,85.61290323
Port Blair,252,2020,December,1776,90544,26.35806452,75.4,81.70967742
Port Blair,244,2020,April,71,2820,28.80666667,86.4,77.16666667
Port Blair,253,2021,January,4700,94662,26.47741935,30.3,77
Port Blair,243,2020,March,5830,328304,27.60645161,11.7,74.5483871
Port Blair,254,2021,February,5477,110312,26.52857143,52.6,76.03571429
Port Blair,242,2020,February,18241,1018440,26.62413793,7.7,76
Port Blair,255,2021,March,6642,133768,27.89677419,17.2,77.5483871
Port Blair,241,2020,January,20200,1119250,26.40322581,6.4,76.87096774
Port Blair,240,2019,December,22631,1226398,26.52258065,12.6,75.67741935
Port Blair,256,2021,April,6891,78718,27.32,143.2,83.43333333
Port Blair,257,2021,May,1730,19765,27.81935484,308.7,86.25806452
Port Blair,239,2019,November,19840,1092440,26.70333333,137,84.5
Port Blair,238,2019,October,17057,945017,26.8,162.9,86.74193548
Port Blair,237,2019,September,16824,751513,26.21,377.1,89.53333333
Port Blair,258,2021,June,3157,36070,27.71,173.2,84.66666667
Port Blair,259,2021,July,4105,72501,27.0516129,422.3,87.93548387
Port Blair,236,2019,August,17867,800837,26.56774194,387.3,88.87096774
Port Blair,260,2021,August,5251,92728,26.70967742,336.9,88.74193548
Port Blair,235,2019,July,18205,818125,27.56451613,116.3,84.09677419
Port Blair,234,2019,June,16083,726446,27.19666667,340.3,89.13333333
Port Blair,261,2021,September,6549,115661,26.29333333,431.9,90.1
Port Blair,233,2019,May,13642,615136,27.96129032,202.9,85.29032258
Port Blair,232,2019,April,17134,774651,29.00666667,68.6,75.46666667
Port Blair,262,2021,October,5094,191415,26.40967742,399.7,88.61290323
Port Blair,263,2021,November,7022,263867,26.59333333,262.9,85.66666667
Port Blair,230,2019,February,17959,1090516,26.89642857,7.9,79.10714286
Port Blair,264,2021,December,8452,317647,26.23225806,120.4,78.58064516
Port Blair,229,2019,January,18205,1111040,26.17419355,73.9,81.5483871
Port Blair,249,2020,September,686,28167,26.70333333,422.5,88.46666667
Puducherry,259,2021,July,4105,72501,29.35806452,103.5,70.58064516
Puducherry,250,2020,October,831,41494,27.90645161,86.3,78.41935484
Puducherry,237,2019,September,16824,751513,27.99,121.2,80.7
Puducherry,248,2020,August,479,19761,29.02258065,63.7,74.74193548
Puducherry,241,2020,January,20200,1119250,25.48064516,27.6,78.16129032
Puducherry,229,2019,January,18205,1111040,24.30645161,4.4,73.87096774
Puducherry,256,2021,April,6891,78718,29.26,15.6,76.56666667
Puducherry,249,2020,September,686,28167,28.16333333,172,77.4
Puducherry,255,2021,March,6642,133768,27.12258065,1.7,75.70967742
Puducherry,258,2021,June,3157,36070,30.49666667,18.2,64.5
Puducherry,236,2019,August,17867,800837,29.20967742,138.3,71.77419355
Puducherry,246,2020,June,208,8590,30.69,42,66.86666667
Puducherry,231,2019,March,16214,978236,27.8483871,8.4,75.67741935
Puducherry,264,2021,December,8452,317647,25.32580645,78.5,78.48387097
Puducherry,262,2021,October,5094,191415,27.28387097,366.5,84.70967742
Puducherry,261,2021,September,6549,115661,28.97,115,74.96666667
Puducherry,263,2021,November,7022,263867,25.36666667,728.3,88.46666667
Puducherry,234,2019,June,16083,726446,31.57333333,11.6,64.06666667
Puducherry,253,2021,January,4700,94662,25.11612903,119.9,82.61290323
Puducherry,232,2019,April,17134,774651,29.69333333,9.6,75.46666667
Puducherry,244,2020,April,71,2820,29.24,20.5,76.06666667
Puducherry,245,2020,May,94,3764,30.8483871,8.1,72.74193548
Puducherry,252,2020,December,1776,90544,25.03870968,327.2,80.22580645
Puducherry,260,2021,August,5251,92728,29.26129032,66.9,71.4516129
Puducherry,240,2019,December,22631,1226398,25.63225806,122.5,80.61290323
Puducherry,254,2021,February,5477,110312,25.06785714,17.6,73.60714286
Puducherry,230,2019,February,17959,1090516,26.32142857,10.2,77.17857143
Puducherry,233,2019,May,13642,615136,30.98709677,10.6,73.48387097
Puducherry,235,2019,July,18205,818125,29.63870968,56.1,71.74193548
Puducherry,239,2019,November,19840,1092440,26.54666667,179.2,85.4
Puducherry,238,2019,October,17057,945017,27.13225806,294.6,84.35483871
Puducherry,243,2020,March,5830,328304,27.49677419,9.8,73.32258065
Puducherry,242,2020,February,18241,1018440,26.46551724,15.8,70.62068966
Puducherry,251,2020,November,1413,70977,26.44333333,425.1,82.76666667
Puducherry,257,2021,May,1730,19765,30.47741935,25.8,69.38709677
Puducherry,247,2020,July,307,12655,29.01290323,126.8,76.03225806
Raipur,246,2020,June,208,8590,28.84666667,268.3,74.5
Raipur,229,2019,January,18205,1111040,18.13225806,13.1,63.06451613
Raipur,256,2021,April,6891,78718,30.74666667,0.2,32.96666667
Raipur,252,2020,December,1776,90544,19.95483871,0.1,63
Raipur,258,2021,June,3157,36070,28.51333333,256,75
Raipur,262,2021,October,5094,191415,26.19032258,47.1,71.87096774
Raipur,239,2019,November,19840,1092440,23.62333333,0,68.73333333
Raipur,232,2019,April,17134,774651,31.88333333,2.2,35
Raipur,238,2019,October,17057,945017,25.48387097,135.8,83.22580645
Raipur,250,2020,October,831,41494,26.11290323,111,77.80645161
Raipur,236,2019,August,17867,800837,26.63548387,398.5,85.5483871
Raipur,255,2021,March,6642,133768,27.53225806,0,38.32258065
Raipur,259,2021,July,4105,72501,27.38387097,250.5,82.32258065
Raipur,257,2021,May,1730,19765,31.8483871,8.4,47.09677419
Raipur,264,2021,December,8452,317647,19.79032258,15.3,64.70967742
Raipur,241,2020,January,20200,1119250,19.36451613,42,68.06451613
Raipur,235,2019,July,18205,818125,27.72580645,380.7,80.35483871
Raipur,237,2019,September,16824,751513,26.4,457.6,87.46666667
Raipur,260,2021,August,5251,92728,27.42903226,178.2,80.93548387
Raipur,249,2020,September,686,28167,27.66333333,211,83.26666667
Raipur,242,2020,February,18241,1018440,20.07586207,72.2,66.93103448
Raipur,230,2019,February,17959,1090516,22.02142857,19.7,56.78571429
Raipur,247,2020,July,307,12655,27.66774194,227.4,83.25806452
Raipur,251,2020,November,1413,70977,22.59333333,1.7,63.96666667
Raipur,240,2019,December,22631,1226398,20.1483871,6,65.51612903
Raipur,254,2021,February,5477,110312,22.025,1.5,49.39285714
Raipur,231,2019,March,16214,978236,26.87096774,10.1,47.87096774
Raipur,243,2020,March,5830,328304,24.95483871,44.8,68.48387097
Raipur,234,2019,June,16083,726446,33.49,113.7,52.26666667
Raipur,263,2021,November,7022,263867,23.47333333,46,69.3
Raipur,244,2020,April,71,2820,29.94333333,8.6,47.36666667
Raipur,261,2021,September,6549,115661,26.41666667,380.2,86
Raipur,233,2019,May,13642,615136,35.21612903,8,29.41935484
Raipur,248,2020,August,479,19761,26.53870968,502.6,86.12903226
Raipur,253,2021,January,4700,94662,21.01935484,0.5,58.32258065
Raipur,245,2020,May,94,3764,32.71290323,12.2,42.87096774
Ranchi,260,2021,August,5251,92728,24.80322581,231.7,88.87096774
Ranchi,249,2020,September,686,28167,25.09333333,251.1,87.26666667
Ranchi,263,2021,November,7022,263867,19.09666667,29.3,72.2
Ranchi,247,2020,July,307,12655,25.38709677,311.5,88.83870968
Ranchi,237,2019,September,16824,751513,24.15,293.9,90.9
Ranchi,242,2020,February,18241,1018440,16.91034483,15.4,60
Ranchi,257,2021,May,1730,19765,26.14193548,249.9,68.87096774
Ranchi,230,2019,February,17959,1090516,18.67142857,42.3,56.96428571
Ranchi,245,2020,May,94,3764,27.05806452,46.6,63.64516129
Ranchi,251,2020,November,1413,70977,19.92333333,2.9,61.33333333
Ranchi,238,2019,October,17057,945017,22.14516129,239.4,85.64516129
Ranchi,256,2021,April,6891,78718,27.99,1.4,29.73333333
Ranchi,252,2020,December,1776,90544,16.53870968,3.6,63.5483871
Ranchi,262,2021,October,5094,191415,23.05483871,67.5,79.12903226
Ranchi,231,2019,March,16214,978236,22.32258065,33.6,48.38709677
Ranchi,254,2021,February,5477,110312,18.77142857,9.2,49.10714286
Ranchi,243,2020,March,5830,328304,20.94193548,83.3,65.48387097
Ranchi,240,2019,December,22631,1226398,15.63225806,47,74.64516129
Ranchi,261,2021,September,6549,115661,24.06,334.9,90.53333333
Ranchi,239,2019,November,19840,1092440,19.88333333,0.3,74.2
Ranchi,234,2019,June,16083,726446,29.55666667,101.1,63.93333333
Ranchi,253,2021,January,4700,94662,16.78387097,1.9,61.61290323
Ranchi,246,2020,June,208,8590,25.51,267.6,84.83333333
Ranchi,259,2021,July,4105,72501,25.15806452,379.1,88.16129032
Ranchi,244,2020,April,71,2820,25.64,71.2,52.06666667
Ranchi,248,2020,August,479,19761,24.97096774,428,89.77419355
Ranchi,236,2019,August,17867,800837,24.84193548,322.9,89.4516129
Ranchi,241,2020,January,20200,1119250,14.7516129,37.7,72.70967742
Ranchi,229,2019,January,18205,1111040,15.03870968,5.7,59.4516129
Ranchi,232,2019,April,17134,774651,27.61666667,6.8,45.23333333
Ranchi,264,2021,December,8452,317647,15.95483871,18.6,69.25806452
Ranchi,250,2020,October,831,41494,23.51935484,77.5,78.25806452
Ranchi,255,2021,March,6642,133768,24.65806452,13.9,36.67741935
Ranchi,233,2019,May,13642,615136,30.16129032,26,39.83870968
Ranchi,235,2019,July,18205,818125,25.80645161,260.7,84.5483871
Ranchi,258,2021,June,3157,36070,25.63,347.6,83.2
Shillong,233,2019,May,13642,615136,20.00967742,283,83.5483871
Shillong,263,2021,November,7022,263867,14.25333333,1.5,71.6
Shillong,251,2020,November,1413,70977,15.72,14.3,65.26666667
Shillong,255,2021,March,6642,133768,16.7483871,26.7,61
Shillong,232,2019,April,17134,774651,17.52333333,135.6,78.6
Shillong,231,2019,March,16214,978236,14.78709677,23.1,68.83870968
Shillong,242,2020,February,18241,1018440,11.52068966,21,73.68965517
Shillong,230,2019,February,17959,1090516,12.31071429,51.6,71.60714286
Shillong,262,2021,October,5094,191415,18.97741935,94.6,83.4516129
Shillong,253,2021,January,4700,94662,11.18387097,5.7,68.5483871
Shillong,252,2020,December,1776,90544,11.62903226,4.6,71.32258065
Shillong,250,2020,October,831,41494,19.44516129,296.1,87.51612903
Shillong,235,2019,July,18205,818125,20.98387097,507.6,89.19354839
Shillong,244,2020,April,71,2820,17.41333333,105.3,72.33333333
Shillong,246,2020,June,208,8590,20.65,514.5,88
Shillong,254,2021,February,5477,110312,12.89285714,3.9,67.03571429
Shillong,241,2020,January,20200,1119250,9.851612903,46.2,76.48387097
Shillong,261,2021,September,6549,115661,20.53666667,167.4,87.5
Shillong,239,2019,November,19840,1092440,15.6,73,79.4
Shillong,260,2021,August,5251,92728,20.8516129,315.2,89.87096774
Shillong,238,2019,October,17057,945017,17.73225806,275.4,85.87096774
Shillong,240,2019,December,22631,1226398,11.08387097,7.3,71.09677419
Shillong,236,2019,August,17867,800837,21.32580645,210.7,88.90322581
Shillong,257,2021,May,1730,19765,19.4516129,185,82.61290323
Shillong,259,2021,July,4105,72501,20.95483871,364.5,89.32258065
Shillong,264,2021,December,8452,317647,11.94516129,18.8,71.61290323
Shillong,258,2021,June,3157,36070,20.89333333,361.6,87.16666667
Shillong,248,2020,August,479,19761,21.29677419,198.7,88.4516129
Shillong,243,2020,March,5830,328304,14.78387097,37,70.38709677
Shillong,234,2019,June,16083,726446,20.88333333,386.9,87.66666667
Shillong,249,2020,September,686,28167,20.59,365.3,89.3
Shillong,247,2020,July,307,12655,20.98709677,560.5,90.19354839
Shillong,237,2019,September,16824,751513,20.15666667,266.9,88.93333333
Shillong,229,2019,January,18205,1111040,10.29677419,3.6,65.83870968
Shillong,256,2021,April,6891,78718,19.05,49.5,64.4
Shillong,245,2020,May,94,3764,18.80967742,377.1,84.4516129
Shimla,252,2020,December,1776,90544,4.083870968,22.1,57.96774194
Shimla,256,2021,April,6891,78718,11.89666667,135.9,47.3
Shimla,237,2019,September,16824,751513,15.60666667,192.1,90.36666667
Shimla,240,2019,December,22631,1226398,2.674193548,50.4,65.77419355
Shimla,258,2021,June,3157,36070,16.99333333,113.4,74.3
Shimla,241,2020,January,20200,1119250,0.8064516129,148.7,73.96774194
Shimla,255,2021,March,6642,133768,9.761290323,57.8,52.29032258
Shimla,259,2021,July,4105,72501,17.69032258,408.3,86.87096774
Shimla,236,2019,August,17867,800837,17.14193548,316.2,90.32258065
Shimla,249,2020,September,686,28167,15.82,41.5,82.43333333
Shimla,260,2021,August,5251,92728,16.81290323,200.9,89.48387097
Shimla,242,2020,February,18241,1018440,4.237931034,27.6,67.5862069
Shimla,235,2019,July,18205,818125,17.3483871,407.4,88.58064516
Shimla,254,2021,February,5477,110312,5.567857143,36.4,63.53571429
Shimla,243,2020,March,5830,328304,6.474193548,143.8,73.19354839
Shimla,234,2019,June,16083,726446,19.49333333,64.3,48.33333333
Shimla,261,2021,September,6549,115661,15.76333333,177.3,89.06666667
Shimla,233,2019,May,13642,615136,16.03225806,49.5,47.35483871
Shimla,253,2021,January,4700,94662,3.664516129,41.3,61.19354839
Shimla,244,2020,April,71,2820,11.11333333,73.7,64.63333333
Shimla,245,2020,May,94,3764,15.51290323,54.2,56.64516129
Shimla,232,2019,April,17134,774651,13.50333333,46.2,55.9
Shimla,262,2021,October,5094,191415,12.13548387,93,73.12903226
Shimla,248,2020,August,479,19761,17.47419355,329.8,90.61290323
Shimla,231,2019,March,16214,978236,6.190322581,86.8,67.90322581
Shimla,263,2021,November,7022,263867,6.69,0.3,64.73333333
Shimla,246,2020,June,208,8590,16.98666667,63.7,75.06666667
Shimla,251,2020,November,1413,70977,6.923333333,47.9,65.43333333
Shimla,247,2020,July,307,12655,17.41290323,191,87.83870968
Shimla,230,2019,February,17959,1090516,2.460714286,190.5,71.03571429
Shimla,264,2021,December,8452,317647,2.561290323,27.7,70.5483871
Shimla,250,2020,October,831,41494,12.61935484,5.4,62.09677419
Shimla,229,2019,January,18205,1111040,0.6322580645,121.2,68.22580645
Shimla,238,2019,October,17057,945017,11.07419355,25.4,77.22580645
Shimla,257,2021,May,1730,19765,14.64193548,81.5,64.03225806
Shimla,239,2019,November,19840,1092440,7.943333333,51.2,70.1
Srinagar,261,2021,September,6549,115661,21.12,98.9,65.66666667
Srinagar,259,2021,July,4105,72501,23.14516129,127.5,69.35483871
Srinagar,233,2019,May,13642,615136,14.67096774,163.1,74.16129032
Srinagar,236,2019,August,17867,800837,22.01290323,125.2,76.90322581
Srinagar,234,2019,June,16083,726446,17.61333333,107.4,75.5
Srinagar,243,2020,March,5830,328304,4.280645161,157.2,74.70967742
Srinagar,241,2020,January,20200,1119250,-3.590322581,152.1,81
Srinagar,254,2021,February,5477,110312,2.871428571,49.2,64.85714286
Srinagar,230,2019,February,17959,1090516,-1.253571429,167.9,85.03571429
Srinagar,235,2019,July,18205,818125,22.96774194,134.5,72.5483871
Srinagar,256,2021,April,6891,78718,10.36,178.8,69.06666667
Srinagar,255,2021,March,6642,133768,7.041935484,185.8,74.70967742
Srinagar,248,2020,August,479,19761,24.10322581,191.5,64.16129032
Srinagar,238,2019,October,17057,945017,12.91935484,62.8,68.83870968
Srinagar,229,2019,January,18205,1111040,-4.841935484,172.3,82.61290323
Srinagar,239,2019,November,19840,1092440,5.413333333,234.6,80.53333333
Srinagar,264,2021,December,8452,317647,0.4064516129,60.9,60.87096774
Srinagar,244,2020,April,71,2820,11.81,103.8,70.23333333
Srinagar,249,2020,September,686,28167,19.31333333,27.5,60.33333333
Srinagar,257,2021,May,1730,19765,15.48709677,78.4,72.19354839
Srinagar,240,2019,December,22631,1226398,-2.622580645,71.1,67.16129032
Srinagar,258,2021,June,3157,36070,20.55333333,31.1,63.33333333
Srinagar,246,2020,June,208,8590,20.67666667,30,62.9
Srinagar,251,2020,November,1413,70977,5.233333333,85,67.16666667
Srinagar,262,2021,October,5094,191415,13.00967742,133.8,63.77419355
Srinagar,245,2020,May,94,3764,15.7,109.3,73
Srinagar,250,2020,October,831,41494,15.11290323,0.5,41.83870968
Srinagar,263,2021,November,7022,263867,5.32,17,64.4
Srinagar,260,2021,August,5251,92728,22.37741935,51,65.74193548
Srinagar,242,2020,February,18241,1018440,-0.2206896552,31.4,66.72413793
Srinagar,237,2019,September,16824,751513,21.40666667,19.3,59.9
Srinagar,232,2019,April,17134,774651,11.7,137,70.8
Srinagar,247,2020,July,307,12655,24.14193548,24.8,54.41935484
Srinagar,252,2020,December,1776,90544,-2.04516129,85.4,73.74193548
Srinagar,231,2019,March,16214,978236,1.780645161,121.5,79.09677419
Srinagar,253,2021,January,4700,94662,-2.367741935,61.8,64.74193548
Thiruvananthapuram,261,2021,September,6549,115661,25.74,163.4,89.06666667
Thiruvananthapuram,246,2020,June,208,8590,26.25333333,253.6,89.1
Thiruvananthapuram,251,2020,November,1413,70977,26.34,170.2,84.5
Thiruvananthapuram,233,2019,May,13642,615136,28.08709677,145.1,81.93548387
Thiruvananthapuram,244,2020,April,71,2820,28.29,125,79.46666667
Thiruvananthapuram,229,2019,January,18205,1111040,25.85483871,3.5,67.09677419
Thiruvananthapuram,253,2021,January,4700,94662,25.80645161,191.7,79.32258065
Thiruvananthapuram,254,2021,February,5477,110312,26.99642857,18.9,68.75
Thiruvananthapuram,247,2020,July,307,12655,25.93225806,220.6,88.29032258
Thiruvananthapuram,234,2019,June,16083,726446,26.8,270.9,87.93333333
Thiruvananthapuram,231,2019,March,16214,978236,28.32258065,31.5,72.25806452
Thiruvananthapuram,263,2021,November,7022,263867,24.93666667,450.2,88.96666667
Thiruvananthapuram,248,2020,August,479,19761,25.92580645,231.4,88.38709677
Thiruvananthapuram,237,2019,September,16824,751513,25.73,260.9,89.76666667
Thiruvananthapuram,256,2021,April,6891,78718,27.24333333,204.1,84.1
Thiruvananthapuram,230,2019,February,17959,1090516,27.28571429,34.2,72.07142857
Thiruvananthapuram,243,2020,March,5830,328304,28.24193548,61.7,74.32258065
Thiruvananthapuram,242,2020,February,18241,1018440,27.5862069,6.4,68.24137931
Thiruvananthapuram,260,2021,August,5251,92728,25.48064516,149.7,88.96774194
Thiruvananthapuram,249,2020,September,686,28167,25.47,353.9,90.23333333
Thiruvananthapuram,235,2019,July,18205,818125,26.02258065,227.2,88.67741935
Thiruvananthapuram,255,2021,March,6642,133768,27.49677419,76.4,74.12903226
Thiruvananthapuram,241,2020,January,20200,1119250,26.80322581,14.1,73.67741935
Thiruvananthapuram,238,2019,October,17057,945017,25.48064516,394.3,90.12903226
Thiruvananthapuram,264,2021,December,8452,317647,25.9483871,57.8,77.83870968
Thiruvananthapuram,236,2019,August,17867,800837,25.36774194,493.4,90.80645161
Thiruvananthapuram,250,2020,October,831,41494,25.78387097,139.8,87.67741935
Thiruvananthapuram,259,2021,July,4105,72501,25.71290323,254.4,88.5483871
Thiruvananthapuram,258,2021,June,3157,36070,26.10666667,169.1,88.33333333
Thiruvananthapuram,257,2021,May,1730,19765,26.44193548,534.5,89.58064516
Thiruvananthapuram,240,2019,December,22631,1226398,26.19032258,104.9,81.93548387
Thiruvananthapuram,262,2021,October,5094,191415,25.43870968,452.7,89.93548387
Thiruvananthapuram,239,2019,November,19840,1092440,26.28333333,199.9,86.76666667
Thiruvananthapuram,232,2019,April,17134,774651,28.25666667,168,80.43333333
Thiruvananthapuram,245,2020,May,94,3764,27.17741935,396.6,88.41935484
Thiruvananthapuram,252,2020,December,1776,90544,25.98064516,97.3,79.70967742